配信回数,1,2,3,4,5,6,7,8,9,10,11,12,13,14,15,16,17,18,19,20,21,22,23,24,25,26,27,28,29,30,31,32,33,34,35,36,37,38,39,40,41,42,43,44,45,46,47,48,49,50,51,52,53,54,55,56,57,58,59,60,61,62,63,64,65,66,67,68,69,70,71,72,73,74,75,76,77,78,79,80,81,82,83,84,85,86,87,88,89,90,91,92,93,94,95,96,97,98,99,100
配信日,2025/10/20,2025/10/23,2025/10/25,2025/11/01,2025/11/03,2025/11/08,2025/11/11,2025/11/15,2025/11/17,2025/11/22,2025/11/24,2025/11/29,2025/12/01,2025/12/06,2025/12/08,2025/12/11,2025/12/14,2025/12/15,2025/12/19,2025/12/19,2025/12/20,2025/12/25,2025/12/26,2025/12/27,2025/12/29,2025/12/30,2026/01/02,2026/01/03,2026/01/04,2026/01/10,2026/01/12,2026/01/16,2026/01/17,2026/01/19,2026/01/24,2026/01/26,2026/02/02,2026/02/05,2026/02/07,2026/02/09,2026/02/14,2026/02/21,2026/02/23,2026/02/28,2026/03/02,2026/03/07,2026/03/09,2026/03/14,2026/03/19,2026/03/21,2026/03/26,2026/03/28,2026/03/30,2026/04/04,2026/04/06,2026/04/11,2026/04/12,2026/04/18,2026/04/20,2026/04/23,2026/04/25,2026/04/30,2026/05/04,2026/05/07,2026/05/09,2026/05/11,2026/05/14,2026/05/16,2026/05/19,2026/05/19,2026/05/23,,,,,,,,,,,,,,,,,,,,,,,,,,,,,
配信タイトル,【初💫歌枠】ボカロ曲限定で歌うよ！🎙️,【#歌枠 / #karaoke 💫】神アニソンJPOP祭り🎙️,【#歌枠 / #karaoke 💫】初🌟縦型”歌枠”🎙️同接100人めざします‼,【#歌枠 / #karaoke 💫】平成アニソン縛り歌枠🎙️,【#歌枠 / #karaoke 💫】ボカロ曲メイン歌枠🎙️,【#歌枠 / #karaoke 💫】縦型”歌枠”🎙️高評価200👍耐久‼,【#歌枠 / #karaoke 💫】夜系アーティスト🌃限定！歌枠🎙️,【#歌枠 / #karaoke 💫】平成名曲”歌枠”🎙️高評価250👍目標‼,【㊗1ヶ月記念 #歌枠 / #karaoke 💫】デビュー前のshorts振り返り雑談しながら歌う！🎙️,"【#歌枠 / #karaoke 💫】同接100名様耐久""歌枠""‼ボカロ・アニソンたくさん歌うよ🌟",【#歌枠 / #karaoke 💫】”バンド縛り🎸歌枠”高評価200👍目標！一緒に盛り上がろう！,【#歌枠 / #karaoke 💫】縦型“歌枠”🎙たくさん歌うよ！高評価250👍目標！,【#歌枠 /#karaoke 】睡眠導入にどうぞ🌃しっとり歌枠🎙️,【#歌枠 / #karaoke 💫】縦型“歌枠”🎙アニソンたくさん歌うよ！,【#歌枠 /#karaoke 】最後に告知あり‼️ガチ恋距離🩵歌枠🎙ゆったりまったりしていってね🌟,【#歌枠 / #karaoke 💫】縦型“歌枠”🎙一曲いかがですか？寝る前にどうぞ🌃,【#歌枠 】初‼ルミステ🌟歌枠リレー🎙アニソン歌うよ！,【#歌枠 /#karaoke 】距離近め💭歌枠🎙一曲いかがですか？💫まったり歌枠,【 #イズなる 】イズちゃんとはじめてのコラボ🎤💖,【 #イズなる 】天湊なるちゃんとはじめてのコラボ🎤💫,【#歌枠 /#karaoke 】”ボカロ縛り”歌枠🎙💫鬼ハード👹セトリに挑戦‼,【#歌枠 #マシュマロ雑談 】クリスマス🎄コラボ配信🌟歌＆雑談！,【#歌枠 / #karaoke 💫】縦型“歌枠”🎙アニソン多め🌟一曲いかがですか,【㊗ #収益化記念 /#雑談 #歌枠 💫】収益化ありがとう配信🌟今後の楽しみ語るよ！,【#歌枠 /#karaoke 】年末だ‼元気が出る歌枠🎙💫一曲いかがですか？,【#歌枠 / #karaoke 💫】縦型“歌枠”🎙今年ラスト！色んな声で歌う！歌枠🌟一曲いかがですか,【2026🎍新春🌸初配信】おみくじ結果発表＆抱負語り＆歌枠🎙💫,【新春🌸#歌枠 / #karaoke 💫】ボカロ・アニソンたくさん歌います！一曲いかがですか,【イズリイコラボ】ルミステお正月コラボ!!歌枠に雑談に...馬も!?,【#歌枠 】#初見さん大歓迎 💫一曲いかがですか？ボカロ中心歌枠！🎙,【#歌枠 】初見さん大歓迎 💫一曲いかがですか？王道JPOP＆声マネ歌枠🎙,【#歌枠 / #karaoke 】睡眠導入に一曲いかがですか💫🎙,一曲いかがですか💫アニソン＆ボカロたくさん歌います🎙,2時間以内に高評価250👍達成で歌ってみたフル公開‼🎙,【#歌枠 /#karaoke 】一曲いかがですか💫🎙初見さん大歓迎！ボカロアニソン多め,【#歌枠 /#karaoke 】一曲いかがですか？💫冬の路上ライブ🎙初見さん大歓迎！,【#歌枠 /#初見さん大歓迎 】ガチ恋距離💭歌枠🎙一曲いかがですか？💫,【㊗メンシプ解禁！/ #雑談 #歌枠 💫】メンシプ内容公開＆歌います🎙,【#歌枠 /#karaoke 】一曲いかがですか？💫初見さん大歓迎！,【#歌枠 /#karaoke 】ウインターソング歌枠⛄一曲いかがですか？💫,【#歌枠 /#バレンタイン 🍫】とろける💗甘々ソングメドレー！一曲いかがですか？💝,【#歌枠 /#karaoke 】超かぐや姫!＆ボカロ老人会メドレー歌枠！💫,【#歌枠 /#karaoke 】話題のJPOP歌枠！一曲いかがですか💫,【#歌枠 /#karaoke 】アニソンたくさん歌うよ～！🎙一曲いかがですか🌟,【#歌枠 /#karaoke 】一曲いかがですか💫,【#歌枠 /#karaoke 】爽やかボカロ＆JPOP歌います💫,【#歌枠 /#karaoke 】3 月9日♬ミクの日💚初音ミクボカロ縛り歌枠🎙,【#歌枠 /#karaoke 】一曲いかがですか💫アニソン歌枠！,【#歌枠 /#karaoke 】一曲いかがですか🌸卒業ソングメドレー歌枠🎙,【#歌枠 /#karaoke 】一曲いかがですか🎤💫初見さん大歓迎,【#歌枠 /#karaoke 】ボカロ縛り歌枠!!🎙一曲いかがですか💫,【#歌枠 /#karaoke 】JPOP&アニソン&ボカロたくさん歌うよ💫一曲いかがですか,【#歌枠 /#karaoke 】ボカロ老人会はこちらです🎤💫一曲聞いてこ？,【#歌枠 /#karaoke 】㊗メンシプスタンプ追加！たくさん歌うよ🌟,【#歌枠 /#karaoke 】王道アイドル曲💖歌枠🎙️一曲いかがですか,【#歌枠 /#karaoke 】JPOP&アニソン&ボカロたくさん歌うよ💫一曲いかがですか,【#歌枠 /#karaoke 】見つけてください！💫一曲いかがですか,【#歌枠 /#karaoke 】見つけて！💫初見さん大歓迎,【#歌枠 /#karaoke 】初見さん大歓迎🌟一曲いかがですか,【#歌枠 /#karaoke 】初見さん大歓迎🌟懐メロたくさん歌うよ！,【#歌枠 /#karaoke 】見つけて！🌟初見さん大歓迎！たくさん歌うよ🎤,【#歌枠 /#karaoke 】目指せ1.5万人！耐久!?リアイベ直前歌枠🌟初見さん大歓迎,【#歌枠 /#karaoke 】一曲いかがですか🌟初見さん大歓迎🎤,【#歌枠 /#karaoke 】眠る前にどうぞ🌟睡眠導入歌枠🎤初見さん大歓迎,【#歌枠 /#karaoke 】平成アニソン縛り！🌟久々お昼歌枠！初見さん大歓迎🎤,【#歌枠 /#karaoke 】癒しと元気を君に🌟一曲いかがですか🎤,【#歌枠 /#karaoke 】見つけて！💫たくさん歌うよ🎤初見さん大歓迎,【#歌枠 /#karaoke 】ボカロ縛り🌟たくさん歌うよ🎙初見さん大歓迎！,【 #歌枠コラボ 】一色イズちゃんと歌枠🎶💞 #イズなる ,【 #イズなる 】天湊なるちゃんと歌コラボ🎤💫,【#歌枠 /#karaoke 】元気と癒しをお届け🌟初見さん大歓迎🎤,,,,,,,,,,,,,,,,,,,,,,,,,,,,,
配信URL,https://www.youtube.com/live/9x3-Y2EFSPg?si=9EP-hgpb7aGD1Xnt,https://www.youtube.com/live/MwhviT1i7Uw?si=GZVFy-hlP4sLjDyT,https://www.youtube.com/live/fGGBwHGlqcU?si=Y4ICCZ6ZBtSkkEyo,https://www.youtube.com/live/gD78oqEKBKk?si=C-w9OzHDCn9htQZT,https://www.youtube.com/live/GYFX5w2i0YM?si=6kEiz9cZHuHnA-G6,https://www.youtube.com/live/0dH3JLIo66s?si=PTyhucdHUA9h4IZ_,https://www.youtube.com/live/_g_m8oYj-1U?si=2pUXx51sMgs7Vl7v,https://www.youtube.com/live/k2n6QLFslGk?si=F-Opgna8sDhR5382,https://www.youtube.com/live/sPqczpfurfQ?si=Jclq6hZhkQk1a5Et,https://www.youtube.com/live/T46rIU_O5jk?si=PX0OXEMDcL2HIfZb,https://www.youtube.com/live/FurZFE1eGZk?si=y6ghHQs3S4ZwqVXq,https://www.youtube.com/live/x7EWSnqQ9cY?si=Ki14n35Drme3yU1d,https://www.youtube.com/live/Wyys33Rlm_A?si=wvlw55ZfT2NxGRWB,https://www.youtube.com/live/WOp-YMYsrbY?si=cSODQ--VrhfGaKE9,https://www.youtube.com/live/zL10X7Gp33I?si=mNuzHiV97mCdbM0A,https://www.youtube.com/live/SB6MICoHzRg?si=9x42tNLeIVA6s7Ji,https://www.youtube.com/live/5mnCypgGAP4?si=iAys9C-67pWsKBKW,https://www.youtube.com/live/QWwSc2_hXyM?si=VoU_gBq3e4RiZlfV,https://www.youtube.com/live/9vip3U2aL7k?si=OjFGfb89uVnYZzf3,https://www.youtube.com/live/CdXVEY4RH78?si=n-DfaoMh7kdVyfNZ,https://www.youtube.com/live/WpCSxGTj1pY?si=u-ritRiY8aRYvOXe,https://www.youtube.com/live/I-D66fyzQLQ?si=u4G2-pg8WknESvXt,https://www.youtube.com/live/L_H2LJsLbRQ?si=bHPdfW-FlHZtGdNQ,https://www.youtube.com/live/Zbc9ZTF3YYs?si=agmY1WzuNzbPZyIS,https://www.youtube.com/live/Uuc-6gthyZc?si=HKgXXhgZXeTp5xbV,https://www.youtube.com/live/xkD81AWtjpk?si=T9AeC-5yM3Yc3r65,https://www.youtube.com/live/0Q3xl9wjayI?si=YoolixyPBsX1qY76,https://www.youtube.com/live/uX3ptcPyFYU?si=0jE16MwQsFkDWyPg,https://www.youtube.com/live/8xvFEbvx1xY?si=7wIxib4pLahOtMUL,https://www.youtube.com/live/MhVPEifa9zc?si=nWQnTsgvYrULk-Ks,https://www.youtube.com/live/4HI4bTviVT4?si=wXTBgdppmqBB03vX,https://www.youtube.com/live/ml1HtzgIgYs?si=YbBvA0Cx4004l3CA,https://www.youtube.com/live/g2xb5KeOPvY?si=BLl0-lmo1g_c35a7,https://www.youtube.com/live/10NlJ6kVnW8?si=fiJKkPlrA5lNkKWc,https://www.youtube.com/live/odVYJBGpoCY?si=myYYSgJQ7zERrwsq,https://www.youtube.com/live/vPG-DVbA9ac?si=r1zgtb3eULZrhyBx,https://www.youtube.com/live/hlxbK94hzjg?si=p9vhbtDr4iug2oYw,https://www.youtube.com/live/ElNFtCJ3Huo?si=KTzkKBqgm_0WyBEF,https://www.youtube.com/live/rAtvugHL4Zo?si=aoppVlod6uzrffrz,https://www.youtube.com/live/DNSgvshfyTY?si=878dEsiMHzCjVSmo,https://www.youtube.com/live/U1MBeoE06ug?si=epoBXJGKKQG0nmHl,https://www.youtube.com/live/SNhjyU-R1Bc?si=RtuAam4w-1LoQU1D,https://www.youtube.com/live/UA8QmPGOkBM?si=R3-TOyOvXXqmoA4B,https://www.youtube.com/live/eB7OJhy3zdI?si=sV-a6y2Oef2Mn9Kw,https://www.youtube.com/live/ZFmwLsSyiyo?si=lX2bvH_uFOLSl6M9,https://www.youtube.com/live/7ULGb2L-nJ8?si=iQkWqEwXgDSSwNzm,https://www.youtube.com/live/dnOhDWQfxdg?si=BYF9JRxB89gvi7AL,https://www.youtube.com/live/1hp448C481Q?si=9RzsAGAvB07sob9X,https://www.youtube.com/live/oUDLKoFJZ3A?si=ErD5oe3hmRGGRN1a,https://www.youtube.com/live/w4YcfsCUJMY?si=ZK3ez_46EQP8lifI,https://www.youtube.com/live/dGdpFGwWt3I?si=UyRgofYrhc_KX_dC,https://www.youtube.com/live/I21mf4gg7Uw?si=jyqX7FK1a5FfyZx9,https://www.youtube.com/live/BHcDXvSqdwk?si=Zuh7mmK9jFN1Y4t1,https://www.youtube.com/live/5jNrb-QktoY?si=mSCU8VCzn5S7y23w,https://www.youtube.com/live/s1-WQ4JD_ko?si=2Wm_aiidnINJFHYj,https://www.youtube.com/live/hLVIpgbi8ig?si=QZeU1IbtviXkhlhu,https://www.youtube.com/live/ACZmFLCrhwo?si=jljvtWWXn5yAnd50,https://www.youtube.com/live/8lSsT6dUu4I?si=nbPXdc-ESbEjq8OS,https://www.youtube.com/live/rVClzLKb844?si=Oeus5DB7wShgwqF-,https://www.youtube.com/live/1WXgGoYMIfw?si=nOKyoAGuR37z5tyt,https://www.youtube.com/live/D98yV3e2Hao?si=vXIRFbH8lnjs9nAi,https://www.youtube.com/live/dTPK_vf1u7Q?si=THQrvPuhSFgJz_AG,https://www.youtube.com/live/S8UhcgImB94?si=cqt3OPFCans5-ig_,https://www.youtube.com/live/WfaXCiAKnjU?si=DQoKJf5JdkPmpSu2,https://www.youtube.com/live/VOxCoxiAmZo?si=EKfoC30941amA3SP,https://www.youtube.com/live/Yxzl0FBAAzc?si=U7gKZdNpPckFjhXt,https://www.youtube.com/live/faB726JmBTc?si=VT8p0xoWOeUH1Frt,https://www.youtube.com/live/ML46rMZgpsk?si=Rf73Cy17wpLC9VPE,https://www.youtube.com/live/zNghIXHUTB8?si=EafsNatl1y7ujgtF,https://www.youtube.com/live/VJrEkNpuaIs?si=qVVrQ9fh-A2NJJ6-,https://www.youtube.com/live/6qVEfBspNfM?si=a7nx9yoL1SlCtbys,,,,,,,,,,,,,,,,,,,,,,,,,,,,,
曲数,10,15,22,15,15,17,15,21,12,23,21,24,16,23,20,23,5,22,6,6,28,8,27,6,28,32,5,27,11,33,27,17,28,27,30,20,27,13,25,23,25,26,27,34,33,50,26,32,23,26,27,38,31,42,40,64,19,46,43,39,52,28,24,26,26,37,28,35,5,6,38,,,,,,,,,,,,,,,,,,,,,,,,,,,,,
1,テトリス,KICK BACK,ちゅ、多様性。,めざせポケモンマスター,人マニア,踊,TAIDADA,ヒカリへ,転生林檎,うっせぇわ,ミックスナッツ,唱,鬼ノ宴,OK!,夜もすがら君想ふ,ギラギラ,めざせポケモンマスター,メリュー,ムーンライト伝説,金曜日のおはよう,テトリス,あわてんぼうのサンタクロース,雪だるまつくろう,夜もすがら君想ふ,イケナイ太陽,オーバーライド,群青,うっせぇわ,IRIS OUT,エイリアンエイリアン,ミックスナッツ,ハルジオン,アイドル,祝福,KICK BACK,夜もすがら君想ふ,金曜日のおはよう,新時代,阿修羅ちゃん,ロマンスの神様,チョコレイト・ディスコ,Remember,アイドル,めざせポケモンマスター,鬼ノ宴,夏色,エイリアンエイリアン,おどるポンポコリン,Happiness,Everyday、カチューシャ,ロキ,おどるポンポコリン (Ado Ver.),いーあるふぁんくらぶ,新時代,行くぜっ!怪盗少女,Snow halation,アタシは問題作,ハッピーシンセサイザ,サインはB,Over soul, 脱法ロック,超絶かわいい,Happiness,ハナミズキ,ウィーアー！,阿修羅ちゃん,ビビデバ,脱法ロック,会心の一撃,ライラック,One Love,,,,,,,,,,,,,,,,,,,,,,,,,,,,,
2,神っぽいな,残響散歌,オトナブルー,Butter-Fly,チェリーポップ,阿修羅ちゃん,残機,大阪LOVER,テレパシ,ウタカタララバイ,Pretender,新時代,366日,1・2・3,神のまにまに,新時代,ひとりごつ,夜明けと蛍,恋愛サーキュレーション,ちゅ、多様性。,マーシャル・マキシマイザー,私は最強,Let It Go ～ありのままで～,夜もすがら君想ふ,フライングゲット,テトリス,何度でも,ウタカタララバイ,革命道中,人マニア,ライラック,サリシノハラ,青春コンプレックス,三原色,オーバーライド,ワールドイズマイン,かわいいだけじゃだめですか？,唱,エゴロック,White Love,フライングゲット,星降る海,Bling-Bang-Bang-Born,Butter-Fly,ROSE,少女レイ,テレパシ,おジャ魔女カーニバル!!,負けないで,ヘビーローテーション,ラヴィ,踊,メランコリック,阿修羅ちゃん,ヘビーローテーション,とくべチュ、して,神っぽいな,恋するフォーチュンクッキー,Bのリベンジ,ムーンライト伝説,ジャンキーナイトタウンオーケストラ,ヒロイン育成計画,Love so sweet,プラネタリウム,Over soul,KICK BACK,ピースサイン,オーバーライド,ルル,キューティーハニー,truth,,,,,,,,,,,,,,,,,,,,,,,,,,,,,
3,モニタリング,紅蓮華,強風オールバック,ムーンライト伝説,妄想感傷代償連盟,トウキョウ・シャンディ・ランデヴ,勘冴えて悔しいわ,サウダージ,UNDEAD,IRIS OUT,白日,すき、きらい,夜明けと蛍,Butter-Fly,サリシノハラ,クラクラ,ムーンライト伝説,曖昧劣情Lover,右肩の蝶,ワールドイズマイン,テレパシ,ロキ,Plazma,Best Friend,ポニーテールとシュシュ,テレパシ,愛唄,ドーナツホール,イケナイ太陽,ジャンキーナイトタウンオーケストラ,アイドル,車輪の唄,おねがいダーリン,寝起きヤシの木,テトリス,ライラック,Bling-Bang-Bang-Born,勘冴えて悔しいわ,チェリーポップ,WHITE BREATH,恋するフォーチュンクッキー,ワールドイズマイン CPK! Remix,ライラック,シカ色デイズ,ハレンチ,ただ君に晴れ,ヴァンパイア,ムーンライト伝説,ライラック,かわいいだけじゃだめですか？,エゴロック,気まぐれロマンティック,恋愛裁判,マーシャル・マキシマイザー,ポニーテールとシュシュ,ダーリンダンス,T氏の話を信じるな,愛包ダンスホール,ミックスナッツ,微笑みの爆弾,おしゃかしゃま,スイートマジック,空も飛べるはず,相思相愛,OK!,レディメイド,アポロ,ライアーダンサー,独りんぼエンヴィー,ハッピーシンセサイザ,好きすぎて滅!,,,,,,,,,,,,,,,,,,,,,,,,,,,,,
4,グッバイ宣言,ライラック,可愛くてごめん,微笑みの爆弾,㋰責任集合体,アイワナムチュー,秒針を噛む,愛唄,人間E判定,革命道中,車輪の唄,あのバンド,回る空うさぎ,ミックスナッツ,弱虫モンブラン,青のすみか,TAIDADA,サイノウサンプラー,ダーリンダンス,可愛くてごめん,ヴァンパイア,Love so sweet,祝福,スノースマイル,夏祭り,トウキョウ・シャンディ・ランデヴ,月と花束,さよならエレジー,Bling-Bang-Bang-Born,右肩の蝶,Bling-Bang-Bang-Born,ベテルギウス,阿修羅ちゃん,強風オールバック,ドーナツホール,パンダヒーロー,KICK BACK,言って。,ワールドイズマイン,"Winter,again",シル・ヴ・プレジデント,ハッピーシンセサイザ,うっせぇわ,POP IN 2,TEST ME,言って。,ワールドイズマイン,ウィーアー！,新時代,ヒロイン育成計画,エイリアンエイリアン,夜もすがら君想ふ,トリノコシティ,花の塔,世界に一つだけの花,メンタルチェンソー,HOT LIMIT,絶頂讃歌,クラクラ,アンバランスなkissをして,ダーリンダンス,お返事まだカナ💦❓おじさん構文😁❗️,ライラック,ハルジオン,Catch You Catch Me,好きすぎて滅!,チャンカパーナ,㋰責任集合体,ゴーストルール,ポニーテールとシュシュ,夜の踊り子,,,,,,,,,,,,,,,,,,,,,,,,,,,,,
5,ダーリンダンス,私は最強,ラヴィ,アンバランスなkissをして,ベノム,お返事まだカナ💦❓おじさん構文😁❗️,お勉強しといてよ,CHE.R.RY,超主人公,TAIDADA,アルエ,忘れてやらない,3月9日,クラクラ,ウミユリ海底譚,ずうっといっしょ！,花の塔,独りんぼエンヴィー,ファンサ,わたしの一番かわいいところ,シンデレラ,KING,INVOKE-インヴォーク-,ダーリンダンス,ミュージック・アワー,ビビデバ,誇り高きアイドル,sailing day,フライングゲット,ウミユリ海底譚,ヒロイン育成計画,フラレガイガール,粛聖!! ロリ神レクイエム☆,お返事まだカナ💦❓おじさん構文😁❗️,愛包ダンスホール,弱虫モンブラン,アイのシナリオ,神っぽいな,会心の一撃,スノースマイル,スイートマジック,トリノコシティ,わたしの一番かわいいところ,1・2・3,ファタール,ビビっとラブ,ダイダイダイダイダイキライ,オトノケ,ただ君に晴れ,おジャ魔女カーニバル!!,十面相,脱法ロック,モザイクロール,ラヴィ,チャンカパーナ,エゴロック,ビビデバ,オーバーライド,怪物,輝きは君の中に,チェリーポップ,サインはB,ドーナツホール,ダーリン,おジャ魔女カーニバル!!,革命道中,Rolling star,魔法少女とチョコレゐト,GLAMOROUS SKY,花になって,キュートなカノジョ,,,,,,,,,,,,,,,,,,,,,,,,,,,,,
6,ヴァンパイア,革命道中,ドーナツホール,魂のルフラン,転生林檎,ギターと孤独と蒼い惑星,ヒューマノイド,気まぐれロマンティック,雑魚,前前前世,あいつら全員同窓会,アノニマス,晩餐歌,逆光,ロミオとシンデレラ,白日,,天ノ弱,花の塔,いーあるふぁんくらぶ,イガク,ライラック,only my railgun,花の塔,Bling-Bang-Bang-Born,私は最強,,ラフ・メイカー,ヘビーローテーション,ラブカ?,はいよろこんで,炎,サインはB,トウキョウ・シャンディ・ランデヴ,美少女無罪♡パイレーツ,レディメイド,ヒロイン育成計画,転生林檎,キセキ,雪だるまつくろう,世界は恋に落ちている,竹取オーバーナイトセンセーション,好きすぎて滅!,KICK BACK,プロポーズ,世界は恋に落ちている,デビルじゃないもん,TAIDADA,ダーリン,チョコレイト・ディスコ,モザイクロール,モニタリング,ストリーミングハート,ダーリンダンス,かわいいだけじゃだめですか？,プロポーズ,トウキョウ・シャンディ・ランデヴ,アイワナムチュー,うい麦畑でつかまえて,少女S,行くぜっ!怪盗少女,Bのリベンジ,恋愛サーキュレーション,君はロックを聴かない,DAN DAN 心魅かれてく,乙女解剖,残響散歌,すろぉもぉしょん,,サインはB,酔いどれ知らず,,,,,,,,,,,,,,,,,,,,,,,,,,,,,
7,パンダヒーロー,星座になれたら,残機,oath sign,ロキ,青春コンプレックス,Ham,女々しくて,ダイダイダイダイダイキライ,有心論,勘冴えて悔しいわ,ダーリン,斜陽,ウタカタララバイ,妄想感傷代償連盟,ブルーベリー・ナイツ,,サリシノハラ,,,転生林檎,クリスマスソング,かくしん的☆めたまるふぉ～ぜっ！,,唱,うっせぇわ,,シャルル,GOLDFINGER '99,ルル,世界は恋に落ちている,天体観測,ダーリンダンス,オトナブルー,イガク,ひとりごつ,三原色,ハルジオン,恋愛サーキュレーション,Let It Go ～ありのままで～,わたしの一番かわいいところ,メルト CPK! Remix,botばっか,残機,サインはB,恋愛裁判,神っぽいな,TEST ME,明日への扉,ダンシング・ヒーロー(Eat You Up),おじゃま虫,テレキャスタービーボーイ,妄想税,ちゅ、多様性。,わたしの一番かわいいところ,残響散歌,パンダヒーロー,三原色,爆裂愛してる,大切なもの,とくべチュ、して,トウキョウ・シャンディ・ランデヴ,夏祭り,アスノヨゾラ哨戒班,限界突破×サバイバー,恋愛裁判,ちゅ、多様性。,ノンブレス・オブリージュ,,,オトナブルー,,,,,,,,,,,,,,,,,,,,,,,,,,,,,
8,フォニイ,花の塔,Happy Halloween,ライオン,ブリキノダンス,愛包ダンスホール,斜陽,Lemon,デビルじゃないもん,青春コンプレックス,三原色,シャルル,フラレガイガール,祝福,独りんぼエンヴィー,ベテルギウス,,いーあるふぁんくらぶ,,,魔法少女とチョコレゐト,世界は恋に落ちている,カルマ,,オトナブルー,ルル,,ダーリン,女々しくて,回る空うさぎ,クラクラ,有心論,ヴァンパイア,TAIDADA,ずうっといっしょ！,晩餐歌,ダーリンダンス,だから僕は音楽を辞めた,メランコリック,Pretender,かわいいだけじゃだめですか？,Ex-Otogibanashi,可愛くてごめん,Plazma,トウキョウ・シャンディ・ランデヴ,トリノコシティ,モニタリング,セレナーデ,車輪の唄,好きすぎて滅!,ハッピーシンセサイザ,リードコントロール,ケッペキショウ,はいよろこんで,POP IN 2,花になって,丸の内サディスティック,星座になれたら,脳裏上のクラッカー,INVOKE-インヴォーク-,爆裂愛してる,強風オールバック,イケナイ太陽,Lemon,Butter-Fly,Preserved Roses,ヴァンパイア,幽霊東京,,,すき、きらい,,,,,,,,,,,,,,,,,,,,,,,,,,,,,
9,少女レイ,ブルーバード,KING,それは小さな光のような,右肩の蝶,ビビデバ,雨とカプチーノ,キラキラ,お返事まだカナ💦❓おじさん構文😁❗️,晩餐歌,トレモロ,モザイクロール,月と花束,アイドル,天ノ弱,車輪の唄,,弱虫モンブラン,,,デビルじゃないもん,,sailing day,,わたしの一番かわいいところ,ハム太郎 とっとこうた,,ひゅるりらぱっぱ,晩餐歌,だから僕は音楽を辞めた,POP IN 2,正しくなれない,アニマル,踊,ノンブレス・オブリージュ,ドライフラワー,ロキ,First Love,かわいいだけじゃだめですか？,サウダージ,可愛くてごめん,ray,唱,平行線,愛包ダンスホール,ray,転生林檎,サインはB,ハルカ,愛のかたまり,テレパシ,人間E判定,ロストワンの号哭,ビビデバ,サインはB,ブルーベリー・ナイツ,歌舞伎町の女王,忘れてやらない,アタシは問題作,Meteor -ミーティア-,Preserved Roses,ひゅるりらぱっぱ,IRIS OUT,少女レイ,紅蓮の弓矢,KING,TAIDADA,magnet,,,キューティーハニー,,,,,,,,,,,,,,,,,,,,,,,,,,,,,
10,千本桜,unravel,ミカヅキ,革命デュアリズム,ワールドイズマイン,美少女無罪♡パイレーツ,ただ君に晴れ,おしゃかしゃま,T氏の話を信じるな,来世で会おう,有心論,妄想税,First Love,TAIDADA,ベテルギウス,カルマ,,吉原ラメント,,,神っぽいな,,ウタカタララバイ,,アイドル,キャットラビング,,踊,ライラック,晩餐歌,可愛くてごめん,心做し,新時代,メフィスト,ダーリンダンス,ロウワー,ロウワー,航海の唄,ゾクゾク,小さな恋のうた,好きすぎて滅!,Tell Your World,レディメイド,青のすみか,オーバーライド,車輪の唄,マトリョシカ,晴る,3月9日,Love so sweet,ヒバナ,美少女無罪♡パイレーツ,チュルリラ・チュルリラ・ダッダッダ!,可愛くてごめん,PON PON PON,言って。,セレナーデ,メルト,だれかの心臓になれたなら,サウダージ,革命デュアリズム,ルカルカ★ナイトフィーバー,HOT LIMIT,言って。,Believe,六兆年と一夜物語,リードコントロール,ロミオとシンデレラ,,,スピカ,,,,,,,,,,,,,,,,,,,,,,,,,,,,,
11,,残酷な天使のテーゼ,ただ君に晴れ,Synchrogazer,ロミオとシンデレラ,金曜日のおはよう,アイドル,天体観測,重音テトはこんなパーティ二人で抜け出せるのか,花の塔,ブルーベリー・ナイツ,Overdose,プラネタリウム,ちゅ、多様性。,ドライフラワー,Monster,,ドミノ倒シ,,,おねがいダーリン,,クラクラ,,メフィスト,右肩の蝶,,ギラギラ,唱,やさしさで溢れるように,ファンサ,雨とカプチーノ,unravel,グッバイ宣言,アイワナムチュー,斜陽,レディメイド,夜もすがら君想ふ,いますぐ輪廻,ハム太郎 とっとこうた,ちゅ、多様性。,ロミオとシンデレラ,ウタカタララバイ,星降る海,ラヴィ,私は最強,え？あぁ、そう。,勇者,奏,チャンカパーナ,ブリキノダンス,人マニア,こちら、幸福安心委員会です。,オトナブルー,にんじゃりばんばん,勇者,幽霊東京,おじゃま虫,オツキミリサイタル,マトリョシカ,Synchrogazer,テトリス,ブリキノダンス,晴る,sailing day,Bのリベンジ,爆裂愛してる,フォニイ,,,クラクラ,,,,,,,,,,,,,,,,,,,,,,,,,,,,,
12,,晩餐歌,はいよろこんで,名前のない怪物,夜明けと蛍,アイネクライネ,セブンティーン,HANABI,いますぐ輪廻,可愛くてごめん,奏,ヒューマノイド,メリクリ,相思相愛,カタオモイ,Love so sweet,,リードコントロール,,,キャットラビング,,阿修羅ちゃん,,ミックスナッツ,可愛くてごめん,,メルト,,秒針を噛む,シカ色デイズ,奏,唱,モニタリング,レオ,回る空うさぎ,ウタカタララバイ,星座になれたら,モニタリング,ひとりごつ,ダーリンダンス,恋愛裁判,キミと××××したいだけ,ワールドイズマイン CPK! Remix,botばっか,わたしに花束,トリノコシティ,ハム太郎 とっとこうた,さくら (独唱),青春アミーゴ,ラズベリー＊モンスター,ウタカタララバイ,サリシノハラ,KICK BACK,チョコレイト・ディスコ,TEST ME,夜に駆ける,世界は恋に落ちている,有心論,アスノヨゾラ哨戒班,ヒッチコック,ド屑,メランコリーキッチン,わたしのアール,ignited -イグナイテッド-,アタシは問題作,ザムザ,乙女解剖,,,Rolling star,,,,,,,,,,,,,,,,,,,,,,,,,,,,,
13,,夜に駆ける,ドライフラワー,恋愛サーキュレーション,ゴーストルール,秒針を噛む,怪物,愛をこめて花束を,,セブンティーン,アゲハ蝶,あいつら全員同窓会,群青,恋はスリル、ショック、サスペンス,奏,青いベンチ,,会いたくて 会いたくて,,,ド屑,,ビビデバ,,IRIS OUT,吉原ラメント,,ライアーダンサー,,残機,粛聖!! ロリ神レクイエム☆,ただ君に晴れ,only my railgun,ベノム,ウミユリ海底譚,花の塔,ray,粛聖!! ロリ神レクイエム☆,少女レイ,IRIS OUT,魔法少女とチョコレゐト,ルカルカ★ナイトフィーバー,ゾクゾク,ギターと孤独と蒼い惑星,阿修羅ちゃん,群青,ウミユリ海底譚,かくしん的☆めたまるふぉ～ぜっ！,手紙～拝啓十五の君へ～,大阪LOVER,六兆年と一夜物語,ラブカ?,わたしのアール,Plazma,カリスマックス,ワールドイズマイン,右肩の蝶,弱虫モンブラン,フラレガイガール,イケナイ太陽,花に亡霊,神っぽいな,おやすみ泣き声、さよなら歌姫,メリュー,Reason,じょいふる,シャルル,きゅうくらりん,,,HOT LIMIT,,,,,,,,,,,,,,,,,,,,,,,,,,,,,
14,,ファンサ,丸の内サディスティック,ブルーバード,天ノ弱,航海の唄,夜に駆ける,Best Friend,,幽霊東京,GLAMOROUS SKY,シル・ヴ・プレジデント,雪の華,航海の唄,アイネクライネ,愛のかたまり,,さくらんぼ,,,ラブカ?,,世界は恋に落ちている,,KICK BACK,ダーリンダンス,,マーシャル・マキシマイザー,,ハルジオン,残響散歌,ドライフラワー,丸の内サディスティック,みむかゥわナイストライ,深海少女,フォニイ,カルマ,,言って。,ギラギラ,アイワナムチュー,吉原ラメント,ROSE,あのバンド,ゴーストルール,星座になれたら,深海少女,ピースサイン,YELL,TT,グッバイ宣言,絶頂讃歌,WAVE,あのバンド,Love so sweet,忘れてやらない,アノニマス,少女レイ,おやすみ泣き声、さよなら歌姫,シーソーゲーム 〜勇敢な恋の歌〜, 言って。,ロキ,じょいふる,夜明けと蛍,Zips,テレパシ,亡國覚醒カタルシス,命ばっかり,,,魔弾,,,,,,,,,,,,,,,,,,,,,,,,,,,,,
15,,IRIS OUT,ミカヅキ,創聖のアクエリオン,独りんぼエンヴィー,花になって,群青,secret base〜君がくれたもの〜,,ビビデバ,unravel,ファンサ,カブトムシ,それは小さな光のような,Beautiful World,ふたりごと,,ギラギラ,,,ダイダイダイダイダイキライ,,わたしの一番かわいいところ,,紅蓮華,ラヴィ,,終焉逃避行,,三原色,ウタカタララバイ,アイネクライネ,ダーリン,POP IN 2,ロウワー,天ノ弱,粛聖!! ロリ神レクイエム☆,,夜明けと蛍,踊,メランコリック,右肩の蝶,IRIS OUT,忘れてやらない,ヒバナ,ハルジオン,少女レイ,航海の唄,何度でも,ROSE,ヴァンパイア,右肩の蝶,独りんぼエンヴィー,天体観測,アイドル,ハルカ,不協和音,それは小さな光のような,メフィスト,Starry Heavens,DARMA GRAND PRIX,ロミオとシンデレラ,気まぐれロマンティック,君をのせて,Meteor -ミーティア-,うい麦畑でつかまえて,FLAGS,ロウワー,,,限界突破×サバイバー,,,,,,,,,,,,,,,,,,,,,,,,,,,,,
16,,,シル・ヴ・プレジデント,,,名前のない怪物,,First Love,,リードコントロール,Mela!,少女レイ,有心論,oath sign,歌舞伎町の女王,金魚花火,,狭心症,,,グッバイ宣言,,ライラック,,残響散歌,㋰責任集合体,,ローリンガール,,第六感,唱,晩餐歌,ミカヅキ,サインはB,TAIDADA,うっせぇわ,サインはB,,平行線,ダーリンダンス,アイネクライネ,ブリキノダンス,JANE DOE,ミックスナッツ,マシュマロ,勇者,ロミオとシンデレラ,IRIS OUT,空も飛べるはず,TEST ME,ベノム,炉心融解,乙女解剖,アイドル,サイレントマジョリティー,ラブカ?,ギラギラ,月と花束,第六感,創聖のアクエリオン,会心の一撃,星降る海,マーシャル・マキシマイザー,メルト,INVOKE-インヴォーク-,ルル,真っ赤な空を見ただろうか,心做し,,,君はロックを聴かない,,,,,,,,,,,,,,,,,,,,,,,,,,,,,
17,,,いますぐ輪廻,,,フォニイ,,群青日和,,ダーリンダンス,花になって,ヴァンパイア,,unravel,本能,夜もすがら君想ふ,,Flamingo,,,彗星ハネムーン,,ちゅ、多様性。,,花になって,POP IN 2,,そばかす,,ヒビカセ,ギラギラ,私は最強,花の塔,プラネタリウム,残機,革命道中,POP IN 2,,来世で会おう,ブリキノダンス,君はロックを聴かない,ローリンガール,革命道中,クラクラ,キャットラビング,妄想感傷代償連盟,いますぐ輪廻,JANE DOE,晴る,セレナーデ,フォニイ,斜陽,ジェヘナ,おジャ魔女カーニバル!!,不協和音,雑魚,ピースサイン,曖昧劣情Lover,晩餐歌,キセキ,おやすみ泣き声、さよなら歌姫,ray,アイドル,群青,はなまるぴっぴはよいこだけ,おやすみ泣き声、さよなら歌姫,ロストマン,雑魚,,,前前前世,,,,,,,,,,,,,,,,,,,,,,,,,,,,,
18,,,星座になれたら,,,,,丸の内サディスティック,,ルマ,千本桜,オーバーライド,,ワールドイズマイン, 神っぽいな,モニタリング,,Lemon,,,ブリキノダンス,,正しくなれない,,TAIDADA,メフィスト,,アゲハ蝶,,スイートマジック,逆光,,お勉強しといてよ,かくれんぼ,Overdose,夜に駆ける,かくれんぼ,,チェリー,ヴァンパイア,愛唄,モザイクロール,Ex-Otogibanashi,花になって,雑魚,愛言葉III,ノンブレス・オブリージュ,JANE DOE,群青,レディメイド,ロウワー,月と花束,ロウワー,ゾクゾク,キミと××××したいだけ,チョコレートメランコリー,アゲハ蝶,CHE.R.RY,ベテルギウス,小さな恋のうた,ロストマン,青春コンプレックス,ファンサ,セレナーデ,さぁ,車輪の唄,メランコリーキッチン,メンタルチェンソー,,,真っ赤な空を見ただろうか,,,,,,,,,,,,,,,,,,,,,,,,,,,,,
19,,,マーシャル・マキシマイザー,,,,,アイネクライネ,,デビルじゃないもん,星座になれたら,セブンティーン,,IRIS OUT,雨とカプチーノ,フォニイ,,サターン,,,チュルリラ・チュルリラ・ダッダッダ!,,TAIDADA,,有心論,人間E判定,,残酷な天使のテーゼ,,ラブチーノ,ビビデバ,,人マニア,乙女解剖,怪物,千本桜,プラネタリウム,,truth,お返事まだカナ💦❓おじさん構文😁❗️,ハッピーシンセサイザ,ロストワンの号哭,かくれんぼ,恋愛サーキュレーション,ド屑,メランコリック,ヒバナ,残機,祝福,botばっか,シャルル,勇者,命ばっかり,絶頂讃歌,botばっか,ルル,ファンサ,アイネクライネ,プラネタリウム,あなたに,オーバーライド,ヒッチコック,花の塔,天ノ弱,モザイクカケラ,天体観測,グッバイ宣言,ダイダイダイダイダイキライ,,,ハルカ,,,,,,,,,,,,,,,,,,,,,,,,,,,,,
20,,,テトリス,,,,,"Hello,Again～昔からある場所～",,メランコリック,ギターと孤独と蒼い惑星,アイドル,,あのバンド,ただ君に晴れ,ジェヘナ,,Ham,,,エゴロック,,航海の唄,,only my railgun,お返事まだカナ💦❓おじさん構文😁❗️,,創聖のアクエリオン,,おねがいダーリン,阿修羅ちゃん,,強風オールバック,革命道中,UNDEAD,ミカヅキ,レオ,,祝福,パンダヒーロー,恋愛裁判,六兆年と一夜物語,Lemon,only my railgun,いますぐ輪廻,彗星ハネムーン,ゴーストルール,青のすみか,花の塔,おちゃめ機能,地球最後の告白を,さよならエレジー,脳漿炸裂ガール,愛包ダンスホール,誇り高きアイドル,永遠のあくる日,,ドライフラワー,ロウワー,楓,TEST ME,だから僕は音楽を辞めた,アイネクライネ,ミカヅキ,輝きは君の中に,カルマ,金曜日のおはよう,ザムザ,,,birthday song,,,,,,,,,,,,,,,,,,,,,,,,,,,,,
21,,,オーバーライド,,,,,ライオン,,モニタリング,青春コンプレックス,UNDEAD,,忘れてやらない,,フラレガイガール,,相思相愛,,,千本桜,,青春コンプレックス,,気まぐれロマンティック,雑魚,,アノニマス,,ローリンガール,ドライフラワー,,メルト,ひゅるりらぱっぱ,ギターと孤独と蒼い惑星,,ベテルギウス,,かくれんぼ,あいつら全員同窓会,恋,天樂,ただ君に晴れ,ライオン,ドーナツホール,エイリアンエイリアン,ローリンガール,打上花火,ray,チェリーポップ,独りんぼエンヴィー,セブンティーン,深海少女,シュガーソングとビターステップ,ファンサ,君はロックを聴かない,,相思相愛,こちら、幸福安心委員会です。,OK!,ハレンチ,アスノヨゾラ哨戒班,ブルーバード,ロウワー,乙女のポリシー,アルエ,人間E判定,東京テディベア,,,月と花束,,,,,,,,,,,,,,,,,,,,,,,,,,,,,
22,,,乙女解剖,,,,,,,マーシャル・マキシマイザー,,チェリーポップ,,星座になれたら,,ミカヅキ,,メリクリ,,,バグ,,あのバンド,,秒針を噛む,UNDEAD,,プラネタリウム,,ロストワンの号哭,晩餐歌,,星座になれたら,夜もすがら君想ふ,ただ君に晴れ,,世界は恋に落ちている,,花の塔,セブンティーン,小さな恋のうた,脳漿炸裂ガール,会心の一撃 YOASOBI Cover,ブルーバード,ロウワー,地球最後の告白を,ダーリンダンス,青空のラプソディ,わたしに花束,ダーリンダンス,天樂,勘冴えて悔しいわ,ウミユリ海底譚,世界は恋に落ちている,ハム太郎 とっとこうた,それは小さな光のような,,わたしに花束,夜明けと蛍,(ライバル！,雨とカプチーノ,来世で会おう,秒針を噛む,奏,ライオン,ray,天体観測,ヒバナ,,,永遠のあくる日,,,,,,,,,,,,,,,,,,,,,,,,,,,,,
23,,,,,,,,,,ルカルカ★ナイトフィーバー,,美少女無罪♡パイレーツ,,青春コンプレックス,,星座になれたら,,,,,フォニイ,,星座になれたら,,強風オールバック,チェリーポップ,,ルカルカ★ナイトフィーバー,,ロミオとシンデレラ,アイネクライネ,,ファンサ,タマシイレボリューション,フラレガイガール,,六兆年と一夜物語,,ファンサ,天ノ弱,ファンサ,心做し,ray,紅蓮華,わたしに花束,夜もすがら君想ふ,千本桜,怪物,星座になれたら,愛言葉III,ウミユリ海底譚,有心論,夜明けと蛍,チャンカパーナ,シル・ヴ・プレジデント,アンコール,,愛言葉III,ウミユリ海底譚,前前前世,ただ君に晴れ,Snow halation,誇り高きアイドル,雨とカプチーノ,ハレ晴レユカイ,Bling-Bang-Bang-Born,美少女無罪♡パイレーツ,脳漿炸裂ガール,,,レオ,,,,,,,,,,,,,,,,,,,,,,,,,,,,,
24,,,,,,,,,,,,私は最強,,,,,,,,,モニタリング,,新時代,,シル・ヴ・プレジデント,目撃！テト31世,,神っぽいな,,脳漿炸裂ガール,だから僕は音楽を辞めた,,残酷な天使のテーゼ,私は最強,新時代,,乙女解剖,,青春コンプレックス,,群青,深海少女,私は最強,怪物,メルト,幽霊東京,メルト,only my railgun,,IRIS OUT,メルト,相思相愛,テトリス,好きすぎて滅!,ムーンライト伝説,夜もすがら君想ふ,,愛唄,フォニイ,世界に一つだけの花,アイネクライネ,愛言葉III,星座になれたら,だから僕は音楽を辞めた,ブルーバード,Happiness,三原色,わたしのアール,,,アンコール,,,,,,,,,,,,,,,,,,,,,,,,,,,,,
25,,,,,,,,,,,,,,,,,,,,,天ノ弱,,革命道中,,ドーナツホール,フォニイ,,セツナトリップ,,妄想疾患■ガール,私は最強,,ルカルカ★ナイトフィーバー,うっせぇわ,メルト,,少女レイ,,星座になれたら,,花の塔,千本桜,粛聖!! ロリ神レクイエム☆,祝福,星座になれたら,六兆年と一夜物語,愛言葉III,紅蓮華,,革命道中,天ノ弱,Plazma,六兆年と一夜物語,永遠のあくる日,オツキミリサイタル,負けないで,,だから僕は音楽を辞めた,ルカルカ★ナイトフィーバー,HOT LIMIT,そして僕にできるコト,前前前世,,おやすみ泣き声、さよなら歌姫,めざせポケモンマスター,Love so sweet,アノニマス,いますぐ輪廻,,,愛言葉III,,,,,,,,,,,,,,,,,,,,,,,,,,,,,
26,,,,,,,,,,,,,,,,,,,,,少女レイ,,セブンティーン,,愛包ダンスホール,ファンサ,,妄想税,,丸の内サディスティック,Mela!,,ビビデバ,アイドル,群青,,オーバーライド,,,,,セツナトリップ,テトリス,竹取オーバーナイトセンセーション,アイドル,千本桜,Tell Your World,シュガーソングとビターステップ,,アイネクライネ,ロミオとシンデレラ,名前のない怪物,心做し,わたしに花束,みむかゥわナイストライ,何度でも,,何度でも,ローリンガール,残酷な天使のテーゼ,エゴロック,天体観測,,夜もすがら君想ふ,残酷な天使のテーゼ,フラレガイガール,恋愛サーキュレーション,デビルじゃないもん,,,ウミユリ海底譚,,,,,,,,,,,,,,,,,,,,,,,,,,,,,
27,,,,,,,,,,,,,,,,,,,,,夜もすがら君想ふ,,ブルーバード,,メルト,ダイダイダイダイダイキライ,,乙女解剖,,メリュー,誇り高きアイドル,,群青,ファンサ,だから僕は音楽を辞めた,,セツナトリップ,,,,,,残酷な天使のテーゼ,メルト CPK! Remix,夜に駆ける,ファンサ,,ライオン,,,ルカルカ★ナイトフィーバー,アンコール,千本桜,Mela!,お返事まだカナ💦❓おじさん構文😁❗️,会いたくて 会いたくて,,花の塔,永遠のあくる日,メルト,フォニイ,斜陽,,,,航海の唄,だから僕は音楽を辞めた,転生林檎,,,ウタカタララバイ,,,,,,,,,,,,,,,,,,,,,,,,,,,,,
28,,,,,,,,,,,,,,,,,,,,,いますぐ輪廻,,,,千本桜,リードコントロール,,,,平行線,,,Bling-Bang-Bang-Born,,ファンサ,,,,,,,,,ray,うれしいひなまつり,花の塔,,ray,,,,truth,ローリンガール,ドーナツホール,うっせぇわ,テレパシ,,アンコール,青空のラプソディ,Tell Your World,フォニイ,群青,,,,祝福,超絶かわいい,地球最後の告白を,,,阿修羅ちゃん,,,,,,,,,,,,,,,,,,,,,,,,,,,,,
29,,,,,,,,,,,,,,,,,,,,,,,,,,転生林檎,,,,IRIS OUT,,,,,誇り高きアイドル,,,,,,,,,ひとりごつ,ひとりごつ,好きすぎて滅!,,UNDEAD,,,,お返事まだカナ💦❓おじさん構文😁❗️,吉原ラメント,少女レイ,粛聖!! ロリ神レクイエム☆,乙女解剖,,群青,チャンカパーナ,secret base〜君がくれたもの〜,UNDEAD,,,,,勇者,,イガク,,,Meteor -ミーティア-,,,,,,,,,,,,,,,,,,,,,,,,,,,,,
30,,,,,,,,,,,,,,,,,,,,,,,,,,unravel,,,,メルト,,,,,ヴァンパイア,,,,,,,,,ただ君に晴れ,お返事まだカナ💦❓おじさん構文😁❗️,テトリス,,晩餐歌,,,,粛聖!! ロリ神レクイエム☆,金曜日のおはよう,ray,Tell Your World,チェリーポップ,,恋愛サーキュレーション,Happiness,Sign,CHE.R.RY,,,,,ハルカ,,マトリョシカ,,,INVOKE-インヴォーク-,,,,,,,,,,,,,,,,,,,,,,,,,,,,,
31,,,,,,,,,,,,,,,,,,,,,,,,,,天ノ弱,,,,セツナトリップ,,,,,,,,,,,,,,テトリス,粛聖!! ロリ神レクイエム☆,KICK BACK,,私は最強,,,,好きすぎて滅!,回る空うさぎ,Tell Your World,雨とカプチーノ,チェリーポップ,,独りんぼエンヴィー,Love so sweet,WHITE BREATH,妄想感傷代償連盟,,,,,ひとりごつ,,アンドロイドガール,,,only my railgun,,,,,,,,,,,,,,,,,,,,,,,,,,,,,
32,,,,,,,,,,,,,,,,,,,,,,,,,,ミカヅキ,,,,シル・ヴ・プレジデント,,,,,,,,,,,,,,好きすぎて滅!,チェリーポップ,IRIS OUT,,ファンサ,,,,ローリンガール,,メルト,ただ君に晴れ,好きすぎて滅!,,夜もすがら君想ふ,打上花火,そばかす,KING,,,,,エイリアンエイリアン,,少女レイ,,,紅蓮の弓矢,,,,,,,,,,,,,,,,,,,,,,,,,,,,,
33,,,,,,,,,,,,,,,,,,,,,,,,,,,,,,星座になれたら,,,,,,,,,,,,,,シル・ヴ・プレジデント,セツナトリップ,弱虫モンブラン,,,,,,ミカヅキ,,愛唄,ベテルギウス,かくれんぼ,,パンダヒーロー,ギターと孤独と蒼い惑星,天体観測,Happiness,,,,,ラブカ?,,サリシノハラ,,,ハレ晴レユカイ,,,,,,,,,,,,,,,,,,,,,,,,,,,,,
34,,,,,,,,,,,,,,,,,,,,,,,,,,,,,,,,,,,,,,,,,,,,粛聖!! ロリ神レクイエム☆,,ロキ,,,,,,晴る,,3月9日,ミカヅキ,テトリス,,千本桜,あのバンド,金曜日のおはよう,Love so sweet,,,,,星座になれたら,,トリノコシティ,,,ウィーアー！,,,,,,,,,,,,,,,,,,,,,,,,,,,,,
35,,,,,,,,,,,,,,,,,,,,,,,,,,,,,,,,,,,,,,,,,,,,,,キセキ,,,,,,キャットラビング,,パジャマパーティーズのうた,ドライフラワー,オーバーライド,,ray,星座になれたら,アゲハ蝶,うい麦畑でつかまえて,,,,,愛唄,,独りんぼエンヴィー,,,天体観測,,,,,,,,,,,,,,,,,,,,,,,,,,,,,
36,,,,,,,,,,,,,,,,,,,,,,,,,,,,,,,,,,,,,,,,,,,,,,パンダヒーロー,,,,,,ずうっといっしょ！,,ひとりごつ,夜明けと蛍,祝福,,天体観測,ひとりごつ,unravel,粛聖!! ロリ神レクイエム☆,,,,,言って。,,,,,カルマ,,,,,,,,,,,,,,,,,,,,,,,,,,,,,
37,,,,,,,,,,,,,,,,,,,,,,,,,,,,,,,,,,,,,,,,,,,,,,うっせぇわ,,,,,,ファンサ,,愛のかたまり,天ノ弱,Happiness,,車輪の唄,おジャ魔女カーニバル!!,名前のない怪物,いますぐ輪廻,,,,,晴る,,,,,ray,,,,,,,,,,,,,,,,,,,,,,,,,,,,,
38,,,,,,,,,,,,,,,,,,,,,,,,,,,,,,,,,,,,,,,,,,,,,,モザイクロール,,,,,,星座になれたら,,粛聖!! ロリ神レクイエム☆,斜陽,ray,,カルマ,Butter-Fly,空も飛べるはず,テレパシ,,,,,,,,,,ミカヅキ,,,,,,,,,,,,,,,,,,,,,,,,,,,,,
39,,,,,,,,,,,,,,,,,,,,,,,,,,,,,,,,,,,,,,,,,,,,,,ロウワー,,,,,,,,美少女無罪♡パイレーツ,晩餐歌,アルエ,,晴る,めざせポケモンマスター,(ライバル！,ハルカ,,,,,,,,,,,,,,,,,,,,,,,,,,,,,,,,,,,,,,,
40,,,,,,,,,,,,,,,,,,,,,,,,,,,,,,,,,,,,,,,,,,,,,,ブリキノダンス,,,,,,,,空も飛べるはず,だから僕は音楽を辞めた,カルマ,,ただ君に晴れ,only my railgun,,おどるポンポコリン ,,,,,,,,,,,,,,,,,,,,,,,,,,,,,,,,,,,,,,,
41,,,,,,,,,,,,,,,,,,,,,,,,,,,,,,,,,,,,,,,,,,,,,,ロストワンの号哭,,,,,,,,チェリー,,Bling-Bang-Bang-Born,,雨とカプチーノ,斜陽,,ギラギラ,,,,,,,,,,,,,,,,,,,,,,,,,,,,,,,,,,,,,,,
42,,,,,,,,,,,,,,,,,,,,,,,,,,,,,,,,,,,,,,,,,,,,,,残酷な天使のテーゼ,,,,,,,,車輪の唄,,ミカヅキ,,ミカヅキ,Overdose,,ラブカ?,,,,,,,,,,,,,,,,,,,,,,,,,,,,,,,,,,,,,,,
43,,,,,,,,,,,,,,,,,,,,,,,,,,,,,,,,,,,,,,,,,,,,,,ベテルギウス,,,,,,,,,,航海の唄,,サインはB,アンコール,,ピースサイン,,,,,,,,,,,,,,,,,,,,,,,,,,,,,,,,,,,,,,,
44,,,,,,,,,,,,,,,,,,,,,,,,,,,,,,,,,,,,,,,,,,,,,,ひとりごつ,,,,,,,,,,星座になれたら,,言って。,,,ドーナツホール,,,,,,,,,,,,,,,,,,,,,,,,,,,,,,,,,,,,,,,
45,,,,,,,,,,,,,,,,,,,,,,,,,,,,,,,,,,,,,,,,,,,,,,寝起きヤシの木,,,,,,,,,,ロウワー,,君はロックを聴かない,,,航海の唄,,,,,,,,,,,,,,,,,,,,,,,,,,,,,,,,,,,,,,,
46,,,,,,,,,,,,,,,,,,,,,,,,,,,,,,,,,,,,,,,,,,,,,,強風オールバック,,,,,,,,,,ウィーアー！,,ハルカ,,,ひとりごつ,,,,,,,,,,,,,,,,,,,,,,,,,,,,,,,,,,,,,,,
47,,,,,,,,,,,,,,,,,,,,,,,,,,,,,,,,,,,,,,,,,,,,,,ハッピーシンセサイザ,,,,,,,,,,打上花火,,,,,車輪の唄,,,,,,,,,,,,,,,,,,,,,,,,,,,,,,,,,,,,,,,
48,,,,,,,,,,,,,,,,,,,,,,,,,,,,,,,,,,,,,,,,,,,,,,乙女解剖,,,,,,,,,,奏,,,,,心做し,,,,,,,,,,,,,,,,,,,,,,,,,,,,,,,,,,,,,,,
49,,,,,,,,,,,,,,,,,,,,,,,,,,,,,,,,,,,,,,,,,,,,,,フォニイ,,,,,,,,,,Lemon,,,,,Pretender,,,,,,,,,,,,,,,,,,,,,,,,,,,,,,,,,,,,,,,
50,,,,,,,,,,,,,,,,,,,,,,,,,,,,,,,,,,,,,,,,,,,,,,天ノ弱,,,,,,,,,,アイネクライネ,,,,,弱虫モンブラン,,,,,,,,,,,,,,,,,,,,,,,,,,,,,,,,,,,,,,,
51,,,,,,,,,,,,,,,,,,,,,,,,,,,,,,,,,,,,,,,,,,,,,,,,,,,,,,,,夜明けと蛍,,,,,愛唄,,,,,,,,,,,,,,,,,,,,,,,,,,,,,,,,,,,,,,,
52,,,,,,,,,,,,,,,,,,,,,,,,,,,,,,,,,,,,,,,,,,,,,,,,,,,,,,,,少女レイ,,,,,星座になれたら,,,,,,,,,,,,,,,,,,,,,,,,,,,,,,,,,,,,,,,
53,,,,,,,,,,,,,,,,,,,,,,,,,,,,,,,,,,,,,,,,,,,,,,,,,,,,,,,,地球最後の告白を,,,,,,,,,,,,,,,,,,,,,,,,,,,,,,,,,,,,,,,,,,,,
54,,,,,,,,,,,,,,,,,,,,,,,,,,,,,,,,,,,,,,,,,,,,,,,,,,,,,,,,心做し,,,,,,,,,,,,,,,,,,,,,,,,,,,,,,,,,,,,,,,,,,,,
55,,,,,,,,,,,,,,,,,,,,,,,,,,,,,,,,,,,,,,,,,,,,,,,,,,,,,,,,ウミユリ海底譚,,,,,,,,,,,,,,,,,,,,,,,,,,,,,,,,,,,,,,,,,,,,
56,,,,,,,,,,,,,,,,,,,,,,,,,,,,,,,,,,,,,,,,,,,,,,,,,,,,,,,,ロキ,,,,,,,,,,,,,,,,,,,,,,,,,,,,,,,,,,,,,,,,,,,,
57,,,,,,,,,,,,,,,,,,,,,,,,,,,,,,,,,,,,,,,,,,,,,,,,,,,,,,,,だから僕は音楽を辞めた,,,,,,,,,,,,,,,,,,,,,,,,,,,,,,,,,,,,,,,,,,,,
58,,,,,,,,,,,,,,,,,,,,,,,,,,,,,,,,,,,,,,,,,,,,,,,,,,,,,,,,ラフ・メイカー,,,,,,,,,,,,,,,,,,,,,,,,,,,,,,,,,,,,,,,,,,,,
59,,,,,,,,,,,,,,,,,,,,,,,,,,,,,,,,,,,,,,,,,,,,,,,,,,,,,,,,六兆年と一夜物語,,,,,,,,,,,,,,,,,,,,,,,,,,,,,,,,,,,,,,,,,,,,
60,,,,,,,,,,,,,,,,,,,,,,,,,,,,,,,,,,,,,,,,,,,,,,,,,,,,,,,,私は最強,,,,,,,,,,,,,,,,,,,,,,,,,,,,,,,,,,,,,,,,,,,,
61,,,,,,,,,,,,,,,,,,,,,,,,,,,,,,,,,,,,,,,,,,,,,,,,,,,,,,,,ローリンガール,,,,,,,,,,,,,,,,,,,,,,,,,,,,,,,,,,,,,,,,,,,,
62,,,,,,,,,,,,,,,,,,,,,,,,,,,,,,,,,,,,,,,,,,,,,,,,,,,,,,,,粛聖!! ロリ神レクイエム☆,,,,,,,,,,,,,,,,,,,,,,,,,,,,,,,,,,,,,,,,,,,,
63,,,,,,,,,,,,,,,,,,,,,,,,,,,,,,,,,,,,,,,,,,,,,,,,,,,,,,,,金曜日のおはよう,,,,,,,,,,,,,,,,,,,,,,,,,,,,,,,,,,,,,,,,,,,,
64,,,,,,,,,,,,,,,,,,,,,,,,,,,,,,,,,,,,,,,,,,,,,,,,,,,,,,,,モザイクロール,,,,,,,,,,,,,,,,,,,,,,,,,,,,,,,,,,,,,,,,,,,,
65,,,,,,,,,,,,,,,,,,,,,,,,,,,,,,,,,,,,,,,,,,,,,,,,,,,,,,,,,,,,,,,,,,,,,,,,,,,,,,,,,,,,,,,,,,,,,,,,,,,,
66,,,,,,,,,,,,,,,,,,,,,,,,,,,,,,,,,,,,,,,,,,,,,,,,,,,,,,,,,,,,,,,,,,,,,,,,,,,,,,,,,,,,,,,,,,,,,,,,,,,,
67,,,,,,,,,,,,,,,,,,,,,,,,,,,,,,,,,,,,,,,,,,,,,,,,,,,,,,,,,,,,,,,,,,,,,,,,,,,,,,,,,,,,,,,,,,,,,,,,,,,,
68,,,,,,,,,,,,,,,,,,,,,,,,,,,,,,,,,,,,,,,,,,,,,,,,,,,,,,,,,,,,,,,,,,,,,,,,,,,,,,,,,,,,,,,,,,,,,,,,,,,,
69,,,,,,,,,,,,,,,,,,,,,,,,,,,,,,,,,,,,,,,,,,,,,,,,,,,,,,,,,,,,,,,,,,,,,,,,,,,,,,,,,,,,,,,,,,,,,,,,,,,,
70,,,,,,,,,,,,,,,,,,,,,,,,,,,,,,,,,,,,,,,,,,,,,,,,,,,,,,,,,,,,,,,,,,,,,,,,,,,,,,,,,,,,,,,,,,,,,,,,,,,,