,一色イズ　歌った曲リスト,更新日:,2026/05/24,1768,,,453,71,25.1
,曲名,読み仮名,アーティスト名,歌った回数,最終歌唱日,経過日数,歌える楽曲数,歌枠回数,1枠平均曲数
1,愛唄,あいうた,GRe4N BOYZ(GReeeeN),6,2026/05/11,13日,,,
2,愛言葉III,あいことば スリー,DECO*27 feat. 初音ミク,6,2026/05/23,1日,,,
3,会いたくて 会いたくて,あいたくて あいたくて,西野カナ,4,2026/04/11,43日,,,
4,あいつら全員同窓会,あいつらぜんいんどうそうかい,ずっと真夜中でいいのに。,3,2026/02/09,104日,,,
5,アイドル,アイドル,YOASOBI,12,2026/05/04,20日,,,
6,アイネクライネ,アイネクライネ,米津玄師,11,2026/05/04,20日,,,
7,愛のかたまり,あいのかたまり,DOMOTO(KinKi Kids),3,2026/04/04,50日,,,
8,アイのシナリオ,アイのシナリオ,CHiCO with HoneyWorks,1,2026/02/02,111日,,,
9,愛包ダンスホール,あいぱいダンスホール,HIMEHINA,6,2026/04/18,36日,,,
10,曖昧劣情Lover,あいまいれつじょうラバー,koyori(電ポルP) feat.v flower,2,2026/04/18,36日,,,
11,IRIS OUT,アイリス アウト,米津玄師,12,2026/05/04,20日,,,
12,アイワナムチュー,アイワナムチュー,"feat. asmi, すりぃ/MAISONdes",4,2026/04/18,36日,,,
13,愛をこめて花束を,あいをこめてはなたばを,Superfly,1,2025/11/15,190日,,,
14,青いベンチ,あおいベンチ,サスケ,1,2025/12/11,164日,,,
15,青空のラプソディ,あおぞらのラプソディ,fhána,2,2026/04/20,34日,,,
16,青のすみか,あおのすみか,キタニタツヤ,3,2026/03/14,71日,,,
17,アゲハ蝶,アゲハちょう,ポルノグラフィティ,4,2026/04/23,31日,,,
18,阿修羅ちゃん,あしゅらちゃん,Ado,9,2026/05/23,1日,,,
19,アスノヨゾラ哨戒班,アスノヨゾラしょうかいはん,Orangestar feat.IA,3,2026/05/07,17日,,,
20,明日への扉,あすへのとびら,I WiSH,1,2026/03/19,66日,,,
21,アタシは問題作,アタシはもんだいさく,Ado,3,2026/05/11,13日,,,
22,あなたに,あなたに,MONGOL800,1,2026/04/23,31日,,,
23,アニマル,アニマル,"DECO*27,Rockwell feat.初音ミク",1,2026/01/17,127日,,,
24,アノニマス,アノニマス,さユり,4,2026/05/14,10日,,,
25,あのバンド,あのバンド,結束バンド,6,2026/04/20,34日,,,
26,アポロ,アポロ,ポルノグラフィティ,1,2026/05/14,10日,,,
27,天ノ弱,あまのじゃく,164 feat.GUMI,11,2026/05/07,17日,,,
28,雨とカプチーノ,あめとカプチーノ,ヨルシカ,7,2026/05/07,17日,,,
29,アルエ,アルエ,BUMP OF CHICKEN,3,2026/05/11,13日,,,
30,あわてんぼうのサンタクロース,あわてんぼうのサンタクロース,童謡,1,2025/12/25,150日,,,
31,アンコール,アンコール,YOASOBI,5,2026/05/23,1日,,,
32,UNDEAD,アンデッド,YOASOBI,6,2026/04/25,29日,,,
33,アンドロイドガール,アンドロイドガール,DECO*27 feat. 初音ミク,1,2026/05/16,8日,,,
34,アンバランスなkissをして,アンバランスなキスをして,高橋ひろ,2,2026/04/23,31日,,,
35,unravel,アンラベル,TK from 凛として時雨,6,2026/04/23,31日,,,
36,いーあるふぁんくらぶ,いーあるふぁんくらぶ,"みきとP feat.GUMI,鏡音リン",3,2026/03/30,55日,,,
37,Ex-Otogibanashi,イーエックス オトギバナシ,ryo (supercell) feat.かぐや(CV.夏吉ゆうこ) 月見ヤチヨ(CV.早見沙織),2,2026/02/23,90日,,,
38,イガク,イガク,原口沙輔 feat. 重音テト,3,2026/05/16,8日,,,
39,行くぜっ!怪盗少女,いくぜっ かいとうしょうじょ,ももいろクローバーZ,2,2026/04/25,29日,,,
40,ignited -イグナイテッド-,イグナイテッド,T.M.Revolution,1,2026/05/09,15日,,,
41,イケナイ太陽,イケナイたいよう,ORANGE RANGE,4,2026/05/04,20日,,,
42,言って。,いって,ヨルシカ,8,2026/05/11,13日,,,
43,命ばっかり,いのちばっかり,"ぬゆり feat. v flower, 結月ゆかり",2,2026/05/16,8日,,,
44,いますぐ輪廻,いますぐりんね,なきそ feat. 初音ミク,8,2026/05/16,8日,,,
45,INVOKE-インヴォーク-,インヴォーク,T.M.Revolution,4,2026/05/23,1日,,,
46,ヴァンパイア,ヴァンパイア,"DECO*27,Rockwell feat. 初音ミク",9,2026/05/14,10日,,,
47,ウィーアー！,ウィーアー,きただにひろし,4,2026/05/23,1日,,,
48,うい麦畑でつかまえて,ういむぎばたけでつかまえて,しぐれうい,3,2026/05/11,13日,,,
49,"Winter,again",ウィンター アゲイン,GLAY,1,2026/02/09,104日,,,
50,WAVE,ウェーブ,niki feat.Lily,1,2026/03/30,55日,,,
51,ウタカタララバイ,ウタカタララバイ,Ado,9,2026/05/23,1日,,,
52,打上花火,うちあげはなび,DAOKO × 米津玄師,3,2026/04/20,34日,,,
53,うっせぇわ,うっせぇわ,Ado,8,2026/04/06,48日,,,
54,ウミユリ海底譚,ウミユリかいていたん,n-buna feat.初音ミク,9,2026/05/23,1日,,,
55,うれしいひなまつり,うれしいひなまつり,童謡,1,2026/03/02,83日,,,
56,え？あぁ、そう。,え？あぁ、そう。,蝶々P feat. 初音ミク,1,2026/03/09,76日,,,
57,永遠のあくる日,えいえんのあくるひ,Ado,4,2026/05/23,1日,,,
58,エイリアンエイリアン,エイリアンエイリアン,ナユタン星人 feat. 初音ミク,5,2026/05/11,13日,,,
59,YELL,エール,いきものがかり,1,2026/03/19,66日,,,
60,エゴロック,エゴロック,すりぃ feat. 鏡音レン,5,2026/04/25,29日,,,
61,Everyday、カチューシャ,エブリデイ カチューシャ,AKB48,1,2026/03/21,64日,,,
62,OK!,オーケー,松本 梨香,3,2026/05/09,15日,,,
63,大阪LOVER,おおさかラバー,DREAMS COME TRUE,2,2026/03/21,64日,,,
64,oath sign,オース サイン,LiSA,2,2025/12/06,169日,,,
65,Over soul,オーバー ソウル,林原めぐみ,2,2026/05/09,15日,,,
66,Overdose,オーバードーズ,なとり,3,2026/04/20,34日,,,
67,オーバーライド,オーバーライド,吉田夜世 feat. 重音テト,10,2026/05/16,8日,,,
68,おしゃかしゃま,おしゃかしゃま,RADWIMPS,2,2026/04/25,29日,,,
69,おジャ魔女カーニバル!!,おジャまじょカーニバル,MAHO堂,5,2026/05/09,15日,,,
70,おじゃま虫,おじゃまむし,DECO*27 feat. 初音ミク,2,2026/04/18,36日,,,
71,おちゃめ機能,おちゃめきのう,ゴジマジP feat. 重音テト,1,2026/03/21,64日,,,
72,オツキミリサイタル,オツキミリサイタル,じん feat.IA,2,2026/04/20,34日,,,
73,踊,おど,Ado,5,2026/03/28,57日,,,
74,オトナブルー,オトナブルー,新しい学校のリーダーズ,5,2026/05/23,1日,,,
75,オトノケ,オトノケ,Creepy Nuts,1,2026/03/14,71日,,,
76,乙女解剖,おとめかいぼう,DECO*27 feat.初音ミク,9,2026/05/16,8日,,,
77,乙女のポリシー,おとめのポリシー,石田よう子,1,2026/05/09,15日,,,
78,おどるポンポコリン,おどるポンポコリン,B.B.クイーンズ,2,2026/03/14,71日,,,
79,鬼ノ宴,おにのうたげ,友成空,3,2026/03/02,83日,,,
80,おねがいダーリン,おねがいダーリン,ナナホシ管弦楽団 feat.ONE,3,2026/01/17,127日,,,
81,お勉強しといてよ,おべんきょうしといてよ,ずっと真夜中でいいのに。,2,2026/01/17,127日,,,
82,お返事まだカナ💦❓おじさん構文😁❗️,おへんじまだカナ おじさんこうぶん,吉本おじさん feat. 雨衣,9,2026/04/30,24日,,,
83,おやすみ泣き声、さよなら歌姫,おやすみなきごえ さよならうたひめ,クリープハイプ,5,2026/05/11,13日,,,
84,only my railgun,オンリー マイ レールガン,FripSide,7,2026/05/23,1日,,,
85,会心の一撃 YOASOBI Cover,かいしんのいちげき,YOASOBI(RADWIMPS Cover),1,2026/02/23,90日,,,
86,会心の一撃,かいしんのいちげき,RADWIMPS,3,2026/05/19,5日,,,
87,怪物,かいぶつ,YOASOBI,5,2026/04/20,34日,,,
88,楓,かえで,スピッツ,1,2026/04/23,31日,,,
89,輝きは君の中に,かがやきはきみのなかに,鈴木結女,2,2026/05/09,15日,,,
90,かくしん的☆めたまるふぉ～ぜっ！,かくしんてきめたまるふぉ～ぜっ,土間うまる(CV.田中あいみ),2,2026/03/14,71日,,,
91,革命デュアリズム,かくめいデュアリズム,水樹奈々×T.M.Revolution,2,2026/04/25,29日,,,
92,革命道中,かくめいどうちゅう オン ザ ウェイ,アイナ・ジ・エンド,9,2026/05/11,13日,,,
93,かくれんぼ,かくれんぼ,AliA,5,2026/04/11,43日,,,
94,重音テトはこんなパーティ二人で抜け出せるのか,かさねテトはこんなパーティふたりでぬけだせるのか,"かてらざわ feat. 重音テト,初音ミク",1,2025/11/17,188日,,,
95,カタオモイ,カタオモイ,Aimer,1,2025/12/08,167日,,,
96,奏,かなで,スキマスイッチ,6,2026/05/07,17日,,,
97,歌舞伎町の女王,かぶきちょうのじょおう,椎名林檎,2,2026/04/12,42日,,,
98,カブトムシ,カブトムシ,aiko,1,2025/12/01,174日,,,
99,神っぽいな,かみっぽいな,ピノキオピー feat.初音ミク,8,2026/04/30,24日,,,
100,神のまにまに,かみのまにまに,れるりり feat. 初音ミク,1,2025/12/08,167日,,,
101,カリスマックス,カリスマックス,Snow Man,1,2026/04/06,48日,,,
102,カルマ,カルマ,BUMP OF CHICKEN,7,2026/05/23,1日,,,
103,かわいいだけじゃだめですか？,かわいいだけじゃだめですか,CUTIE STREET,5,2026/04/06,48日,,,
104,可愛くてごめん,かわいくてごめん, feat. ちゅーたん(CV.早見沙織)/HoneyWorks,8,2026/04/04,50日,,,
105,勘冴えて悔しいわ,かんさえてくやしいわ,ずっと真夜中でいいのに。,4,2026/03/28,57日,,,
106,キセキ,キセキ,GRe4N BOYZ(GReeeeN),3,2026/04/23,31日,,,
107,ギターと孤独と蒼い惑星,ギターとこどくとあおいほし,結束バンド,5,2026/04/20,34日,,,
108,KICK BACK,キック バック,米津玄師,8,2026/05/11,13日,,,
109,気まぐれロマンティック,きまぐれロマンティック,いきものがかり,4,2026/05/04,20日,,,
110,キミと××××したいだけ,キミとバツバツバツバツしたいだけ,ファントムシータ,2,2026/04/06,48日,,,
111,君はロックを聴かない,きみはロックをきかない,あいみょん,5,2026/05/23,1日,,,
112,君をのせて,きみをのせて,君をのせて,1,2026/05/07,17日,,,
113,逆光,ぎゃっこう,Ado,2,2026/01/12,132日,,,
114,Catch You Catch Me,キャッチ ユー キャッチ ミー,グミ(日向めぐみ),1,2026/05/09,15日,,,
115,キャットラビング,キャットラビング,香椎モイミ feat. 可不,4,2026/03/28,57日,,,
116,きゅうくらりん,きゅうくらりん,いよわ feat. 可不,1,2026/05/16,8日,,,
117,キューティーハニー,キューティーハニー,倖田來未,2,2026/05/23,1日,,,
118,キュートなカノジョ,キュートなカノジョ,syudou feat.可不,1,2026/05/23,1日,,,
119,狭心症,きょうしんしょう,RADWIMPS,1,2025/12/15,160日,,,
120,強風オールバック,きょうふうオールバック,Yukopi feat. 歌愛ユキ,6,2026/04/30,24日,,,
121,キラキラ,キラキラ,aiko,1,2025/11/15,190日,,,
122,ギラギラ,ギラギラ,Ado,7,2026/04/25,29日,,,
123,金魚花火,きんぎょはなび,大塚愛,1,2025/12/11,164日,,,
124,KING,キング,Kanaria feat. GUMI,4,2026/05/11,13日,,,
125,金曜日のおはよう,きんようびのおはよう,HoneyWorks feat. GUMI,7,2026/05/14,10日,,,
126,グッバイ宣言,グッバイせんげん,Chinozo feat. v flower,5,2026/05/14,10日,,,
127,クラクラ,クラクラ,Ado,7,2026/05/23,1日,,,
128,GLAMOROUS SKY,グラマラス スカイ,中島美嘉,2,2026/05/19,5日,,,
129,クリスマスソング,クリスマスソング,back number,1,2025/12/25,150日,,,
130,紅蓮華,ぐれんげ,LiSA,4,2026/03/14,71日,,,
131,紅蓮の弓矢,ぐれんのゆみや,Linked Horizon,2,2026/05/23,1日,,,
132,群青,ぐんじょう,YOASOBI,11,2026/05/07,17日,,,
133,群青日和,ぐんじょうびより,東京事変,1,2025/11/15,190日,,,
134,ケッペキショウ,ケッペキショウ,すこっぷ feat. GUMI,1,2026/03/30,55日,,,
135,限界突破×サバイバー,げんかいとっぱ サバイバー,氷川きよし,2,2026/05/23,1日,,,
136,恋,こい,星野源,1,2026/02/14,99日,,,
137,恋するフォーチュンクッキー,こいするフォーチュンクッキー,AKB48,2,2026/04/18,36日,,,
138,恋はスリル、ショック、サスペンス,こいはスリル ショック サスペンス,愛内里菜,1,2025/12/06,169日,,,
139,航海の唄,こうかいのうた,さユり,8,2026/05/11,13日,,,
140,ゴーストルール,ゴーストルール,DECO*27 feat. 初音ミク,4,2026/05/19,5日,,,
141,GOLDFINGER '99,ゴールドフィンガー ナインティナイン,郷ひろみ,1,2026/01/04,140日,,,
142,心做し,こころなし,蝶々P feat. GUMI,6,2026/05/16,8日,,,
143,こちら、幸福安心委員会です。,こちら こうふくあんしんいいんかいです,うたたP feat. 初音ミク,2,2026/04/20,34日,,,
144,さぁ,さぁ,SURFACE,1,2026/05/09,15日,,,
145,サイノウサンプラー,サイノウサンプラー,koyori(電ポルP) feat. Sou,1,2025/12/15,160日,,,
146,サイレントマジョリティー,サイレントマジョリティー,欅坂46,1,2026/04/06,48日,,,
147,Sign,サイン,Mr.Children,1,2026/04/23,31日,,,
148,サインはB,サインはビー,B小町,10,2026/05/19,5日,,,
149,サウダージ,サウダージ,ポルノグラフィティ,3,2026/04/23,31日,,,
150,さくら (独唱),さくら どくしょう,森山直太朗,1,2026/03/19,66日,,,
151,さくらんぼ,さくらんぼ,大塚愛,2,2025/12/15,160日,,,
152,雑魚,ざこ,柊マグネタイト feat. 亞北ネル(初音ミク),5,2026/05/16,8日,,,
153,サターン,サターン,ずっと真夜中でいいのに。,1,2025/12/15,160日,,,
154,ザムザ,ザムザ,25時、ナイトコードで。,2,2026/05/16,8日,,,
155,さよならエレジー,さよならエレジー,菅田将暉,2,2026/03/28,57日,,,
156,サリシノハラ,サリシノハラ,みきとP feat.初音ミク,5,2026/05/16,8日,,,
157,3月9日,さんがつここのか,レミオロメン,3,2026/04/04,50日,,,
158,残機,ざんき,ずっと真夜中でいいのに。,6,2026/03/14,71日,,,
159,残響散歌,ざんきょうさんか,Aimer,5,2026/05/14,10日,,,
160,三原色,さんげんしょく,YOASOBI,6,2026/05/14,10日,,,
161,残酷な天使のテーゼ,ざんこくなてんしのテーゼ,高橋洋子,7,2026/05/09,15日,,,
162,366日,さんびゃくろくじゅうろくにち,HY,1,2025/12/01,174日,,,
163,secret base〜君がくれたもの〜,シークレット ベース きみがくれたもの,ZONE,2,2026/04/23,31日,,,
164,シーソーゲーム 〜勇敢な恋の歌〜,シーソーゲーム ゆうかんなこいのうた,Mr.Children,1,2026/04/23,31日,,,
165,JANE DOE,ジェーン ドゥー,米津玄師＆宇多田ヒカル,3,2026/03/14,71日,,,
166,ジェヘナ,ジェヘナ,wotaku feat. 初音ミク,2,2026/03/30,55日,,,
167,シカ色デイズ,シカいろデイズ,シカ部,2,2026/02/28,85日,,,
168,Zips,ジップス,T.M.Revolution,1,2026/05/09,15日,,,
169,斜陽,しゃよう,ヨルシカ,7,2026/04/30,24日,,,
170,車輪の唄,しゃりんのうた,BUMP OF CHICKEN,9,2026/05/11,13日,,,
171,シャルル,シャルル,バルーン feat. v flower,5,2026/05/14,10日,,,
172,ジャンキーナイトタウンオーケストラ,ジャンキーナイトタウンオーケストラ,すりぃ feat. 鏡音レン,2,2026/04/25,29日,,,
173,終焉逃避行,しゅうえんとうひこう,柊マグネタイト feat. 初音ミク,1,2026/01/03,141日,,,
174,十面相,じゅうめんそう,YM feat. GUMI,1,2026/03/26,59日,,,
175,シュガーソングとビターステップ,シュガーソングとビターステップ,UNISON SQUARE GARDEN,2,2026/04/04,50日,,,
176,粛聖!! ロリ神レクイエム☆,しゅくせい ろりがみレクイエム,しぐれうい,12,2026/04/25,29日,,,
177,祝福,しゅくふく,YOASOBI,8,2026/05/11,13日,,,
178,じょいふる,じょいふる,いきものがかり,2,2026/05/11,13日,,,
179,唱,しょう,Ado,7,2026/02/23,90日,,,
180,少女S,しょうじょエス,SCANDAL,1,2026/04/23,31日,,,
181,少女レイ,しょうじょレイ,みきとP feat. 初音ミク,12,2026/05/16,8日,,,
182,シル・ヴ・プレジデント,シル・ヴ・プレジデント,P丸様。,7,2026/04/06,48日,,,
183,深海少女,しんかいしょうじょ,ゆうゆ feat.初音ミク,4,2026/03/30,55日,,,
184,Synchrogazer,シンクロゲイザー,水樹奈々,2,2026/04/25,29日,,,
185,新時代,しんじだい,Ado,8,2026/04/04,50日,,,
186,シンデレラ,シンデレラ,"DECO*27,Rockwell feat,初音ミク",1,2025/12/20,155日,,,
187,スイートマジック,スイートマジック,Junky feat. 鏡音リン,3,2026/04/30,24日,,,
188,彗星ハネムーン,すいせいハネムーン,ナユタン星人 feat. 初音ミク,2,2026/03/07,78日,,,
189,ずうっといっしょ！,ずうっといっしょ,キタニタツヤ,3,2026/03/28,57日,,,
190,すき、きらい,すき、きらい,ファントムシータ,2,2026/05/23,1日,,,
191,好きすぎて滅!,すきすぎてめつ,M!LK,10,2026/05/23,1日,,,
192,Starry Heavens,スターリー ヘブンズ,day after tomorrow,1,2026/04/23,31日,,,
193,ストリーミングハート,ストリーミングハート,DECO*27 feat. 初音ミク,1,2026/03/30,55日,,,
194,Snow halation,スノウ ハレーション,μ's,2,2026/04/30,24日,,,
195,スノースマイル,スノースマイル,BUMP OF CHICKEN,2,2026/02/09,104日,,,
196,スピカ,スピカ,ロクデナ,1,2026/05/23,1日,,,
197,すろぉもぉしょん,すろぉもぉしょん,ピノキオピー feat. 初音ミク,1,2026/05/16,8日,,,
198,星座になれたら,せいざになれたら,結束バンド,20,2026/05/11,13日,,,
199,青春アミーゴ,せいしゅんアミーゴ,修二と彰,1,2026/03/21,64日,,,
200,青春コンプレックス,せいしゅんコンプレックス,結束バンド,8,2026/04/30,24日,,,
201,sailing day,セイリング デイ,BUMP OF CHICKEN,2,2026/05/09,15日,,,
202,sailing day,セイリング デイ,BUMP OF CHICKEN,1,2026/05/09,15日,,,
203,世界に一つだけの花,せかいにひとつだけのはな,SMAP,2,2026/04/23,31日,,,
204,世界は恋に落ちている,せかいはこいにおちている,CHiCO with HoneyWorks,8,2026/04/18,36日,,,
205,絶頂讃歌,ぜっちょうさんか,和ぬか,3,2026/04/18,36日,,,
206,セツナトリップ,セツナトリップ,Last Note. feat.GUMI,5,2026/03/02,83日,,,
207,セブンティーン,セブンティーン,YOASOBI,6,2026/03/28,57日,,,
208,セレナーデ,セレナーデ,なとり,4,2026/05/07,17日,,,
209,前前前世,ぜんぜんぜんせい,RADWIMPS,4,2026/05/23,1日,,,
210,千本桜,せんぼんざくら,黒うさP feat.初音ミク,10,2026/04/18,36日,,,
211,相思相愛,そうしそうあい,aiko,5,2026/05/07,17日,,,
212,創聖のアクエリオン,そうせいのアクエリオン,AKINO,3,2026/04/23,31日,,,
213,ゾクゾク,ゾクゾク,ファントムシータ,3,2026/04/04,50日,,,
214,そして僕にできるコト,そしてぼくにできるコト,day after tomorrow,1,2026/04/25,29日,,,
215,そばかす,そばかす,JUDY AND MARY,2,2026/04/23,31日,,,
216,空も飛べるはず,そらもとべるはず,スピッツ,4,2026/05/04,20日,,,
217,それは小さな光のような,それはちいさなひかりのような,さユり,4,2026/04/18,36日,,,
218,ダーリン,ダーリン,須田景凪,3,2026/05/07,17日,,,
219,ダーリン,ダーリン,Mrs. GREEN APPLE,2,2026/05/07,17日,,,
220,ダーリンダンス,ダーリンダンス,かいりきベア feat.初音ミク,15,2026/04/25,29日,,,
221,大切なもの,たいせつなもの,ロードオブメジャー,1,2026/04/23,31日,,,
222,ダイダイダイダイダイキライ,ダイダイダイダイダイキライ,"雨良(Amala) feat. 初音ミク,重音テト",5,2026/05/16,8日,,,
223,TAIDADA,タイダダ,ずっと真夜中でいいのに。,10,2026/05/14,10日,,,
224,第六感,だいろっかん,Reol,2,2026/04/20,34日,,,
225,だから僕は音楽を辞めた,だからぼくはおんがくをやめた,ヨルシカ,10,2026/05/14,10日,,,
226,竹取オーバーナイトセンセーション,たけとりオーバーナイトセンセーション,"HoneyWorks feat.鏡音リン,鏡音レン",2,2026/02/28,85日,,,
227,ただ君に晴れ,ただきみにはれ,ヨルシカ,12,2026/04/25,29日,,,
228,正しくなれない,ただしくなれない,ずっと真夜中でいいのに。,2,2026/01/16,128日,,,
229,脱法ロック,だっぽうロック,Neru feat. 鏡音レン,3,2026/05/16,8日,,,
230,魂のルフラン,たましいのルフラン,高橋洋子,1,2025/11/01,204日,,,
231,タマシイレボリューション,タマシイレボリューション,Superfly,1,2026/01/19,125日,,,
232,DARMA GRAND PRIX,ダルマ グランプリ,RADWIMPS,1,2026/04/25,29日,,,
233,だれかの心臓になれたなら,だれかのしんぞうになれたなら,ユリイ・カノン feat. GUMI,1,2026/04/20,34日,,,
234,DAN DAN 心魅かれてく,ダン ダン こころひかれてく,FIELD OF VIEW,1,2026/05/09,15日,,,
235,ダンシング・ヒーロー(Eat You Up),ダンシング・ヒーロー イート ユー アップ,荻野目洋子,1,2026/03/21,64日,,,
236,小さな恋のうた,ちいさなこいのうた,MONGOL800,3,2026/04/23,31日,,,
237,チェリー,チェリー,スピッツ,2,2026/04/04,50日,,,
238,CHE.R.RY,チェリー,YUI,3,2026/04/25,29日,,,
239,チェリーポップ,チェリーポップ,DECO*27 feat. 初音ミク,9,2026/04/25,29日,,,
240,地球最後の告白を,ちきゅうさいごのこくはくを,kemu feat.GUMI,4,2026/05/16,8日,,,
241,チャンカパーナ,チャンカパーナ,NEWS,5,2026/05/14,10日,,,
242,ちゅ、多様性。,ちゅ、たようせい,ano,7,2026/05/14,10日,,,
243,チュルリラ・チュルリラ・ダッダッダ!,チュルリラ・チュルリラ・ダッダッダ,和田たけあき(くらげP) feat. 結月ゆかり,2,2026/03/30,55日,,,
244,超主人公,ちょうしゅじんこう,ピノキオピー feat. 初音ミク,1,2025/11/17,188日,,,
245,超絶かわいい,ちょうぜつかわいい,mona(CV.夏川椎菜) feat.HoneyWorks,2,2026/05/14,10日,,,
246,チョコレイト・ディスコ,チョコレイト・ディスコ,Perfume,3,2026/04/06,48日,,,
247,チョコレートメランコリー,チョコレートメランコリー,≠ME,1,2026/04/11,43日,,,
248,月と花束,つきとはなたば,さユり,5,2026/05/23,1日,,,
249,T氏の話を信じるな,ティーしのはなしをしんじるな,"ピノキオピー feat. 初音ミク,重音テト",2,2026/04/12,42日,,,
250,TT,ティーティー,TWICE,1,2026/03/21,64日,,,
251,手紙～拝啓十五の君へ～,てがみ はいけいじゅうごのきみへ,アンジェラ・アキ,1,2026/03/19,66日,,,
252,TEST ME,テスト ミー,ちゃんみな,5,2026/04/25,29日,,,
253,テトリス,テトリス,柊マグネタイト feat. 重音テト,11,2026/04/30,24日,,,
254,デビルじゃないもん,デビルじゃないもん,"DECO*27,ピノキオピー feat. 初音ミク",4,2026/05/16,8日,,,
255,Tell Your World,テル ユア ワールド,livetune feat.初音ミク,5,2026/04/23,31日,,,
256,テレキャスタービーボーイ,テレキャスタービーボーイ,すりぃ feat. 鏡音レン,1,2026/03/28,57日,,,
257,テレパシ,テレパシ,DECO*27 feat. 初音ミク,8,2026/05/11,13日,,,
258,天樂,てんがく,ゆうゆ feat. 鏡音リン,2,2026/03/26,59日,,,
259,転生林檎,てんせいりんご,ピノキオピー feat. 初音ミク,7,2026/05/16,8日,,,
260,天体観測,てんたいかんそく,BUMP OF CHICKEN,9,2026/05/23,1日,,,
261,トウキョウ・シャンディ・ランデヴ,トウキョウ・シャンディ・ランデヴ,"feat. 花譜,ツミキ/MAISONdes",6,2026/04/30,24日,,,
262,東京テディベア,とうきょうテディベア,Neru feat. 鏡音リン,1,2026/05/16,8日,,,
263,truth,トゥルース,嵐,3,2026/05/23,1日,,,
264,ドーナツホール,ドーナツホール,ハチ feat. GUMI,8,2026/05/04,20日,,,
265,ド屑,ドくず,なきそ feat.歌愛ユキ,3,2026/04/30,24日,,,
266,とくべチュ、して,とくべチュ、して,=LOVE,2,2026/04/25,29日,,,
267,ドミノ倒シ,ドミノたおシ,すこっぷ feat. 初音ミク,1,2025/12/15,160日,,,
268,ドライフラワー,ドライフラワー,優里,7,2026/04/18,36日,,,
269,トリノコシティ,トリノコシティ,40mP feat. 初音ミク,4,2026/05/16,8日,,,
270,トレモロ,トレモロ,RADWIMPS,1,2025/11/24,181日,,,
271,夏色,なついろ,ゆず,1,2026/03/07,78日,,,
272,夏祭り,なつまつり,JITTERIN'JINN(cover Whiteberry),2,2026/05/04,20日,,,
273,名前のない怪物,なまえのないかいぶつ,EGOIST,4,2026/04/23,31日,,,
274,何度でも,なんどでも,DREAMS COME TRUE,4,2026/04/18,36日,,,
275,人間E判定,にんげんイーはんてい,ヨーメイ,4,2026/05/14,10日,,,
276,にんじゃりばんばん,にんじゃりばんばん,きゃりーぱみゅぱみゅ,1,2026/04/06,48日,,,
277,寝起きヤシの木,ねおきヤシのき,Yukopi feat. 歌愛ユキ,2,2026/03/07,78日,,,
278,脳漿炸裂ガール,のうしょうさくれつガール,"れるりり feat.初音ミク,GUMI",4,2026/05/16,8日,,,
279,脳裏上のクラッカー,のうりじょうのクラッカー,ずっと真夜中でいいのに。,1,2026/04/20,34日,,,
280,ノンブレス・オブリージュ,ノンブレス・オブリージュ,ピノキオピー feat. 初音ミク,3,2026/05/16,8日,,,
281,birthday song,バースデイ ソング,さユり,1,2026/05/23,1日,,,
282,はいよろこんで,はいよろこんで,こっちのけんと,3,2026/04/04,50日,,,
283,バグ,バグ,かいりきベア feat.初音ミク,1,2025/12/20,155日,,,
284,白日,はくじつ,King Gnu,2,2025/12/11,164日,,,
285,爆裂愛してる,ばくれつあいしてる,M!LK,3,2026/05/14,10日,,,
286,パジャマパーティーズのうた,パジャマパーティーズのうた,パジャマパーティーズ,1,2026/04/04,50日,,,
287,Butter-Fly,バタフライ,和田光司,5,2026/05/09,15日,,,
288,ハッピーシンセサイザ,ハッピーシンセサイザ,"Easy Pop feat.巡音ルカ,GUMI",6,2026/05/19,5日,,,
289,Happy Halloween,ハッピーハロウィン,Junky feat. 鏡音リン,1,2025/10/25,211日,,,
290,花になって,はなになって,緑黄色社会,6,2026/05/19,5日,,,
291,花に亡霊,はなにぼうれい,ヨルシカ,1,2026/04/25,29日,,,
292,花の塔,はなのとう,さユり,14,2026/05/04,20日,,,
293,HANABI,ハナビ,Mr.Children,1,2025/11/15,190日,,,
294,はなまるぴっぴはよいこだけ,はなまるぴっぴはよいこだけ,A応P,1,2026/05/09,15日,,,
295,ハナミズキ,ハナミズキ,一青窈,1,2026/05/07,17日,,,
296,Happiness,ハピネス,嵐,6,2026/05/11,13日,,,
297,Ham,ハム,ずっと真夜中でいいのに。,2,2025/12/15,160日,,,
298,ハム太郎 とっとこうた,ハムたろうとっとこうた,ハムちゃんず,4,2026/04/06,48日,,,
299,晴る,はる,ヨルシカ,6,2026/05/11,13日,,,
300,ハルカ,ハルカ,YOASOBI,6,2026/05/23,1日,,,
301,ハルジオン,ハルジオン,YOASOBI,5,2026/05/07,17日,,,
302,ハレ晴レユカイ,ハレはレユカイ,"涼宮ハルヒ(CV.平野綾),長門有希(CV.茅原実里),朝比奈みくる(CV.後藤邑子)",2,2026/05/23,1日,,,
303,ハレンチ,ハレンチ,ちゃんみな,2,2026/04/25,29日,,,
304,"Hello,Again～昔からある場所～",ハロー アゲイン むかしからあるばしょ,My Little Lover,1,2025/11/15,190日,,,
305,晩餐歌,ばんさんか,tuki.,11,2026/04/20,34日,,,
306,パンダヒーロー,パンダヒーロー,ハチ feat. GUMI,6,2026/04/18,36日,,,
307,ピースサイン,ピースサイン,米津玄師,4,2026/05/14,10日,,,
308,Bのリベンジ,ビーのリベンジ,B小町,3,2026/05/11,13日,,,
309,ヒカリへ,ヒカリへ,miwa,1,2025/11/15,190日,,,
310,美少女無罪♡パイレーツ,びしょうじょむざいパイレーツ,宝鐘マリン,6,2026/05/14,10日,,,
311,ヒッチコック,ヒッチコック,ヨルシカ,2,2026/04/30,24日,,,
312,人マニア,ひとマニア,原口沙輔 feat. 重音テト,4,2026/03/28,57日,,,
313,ひとりごつ,ひとりごつ,ハチワレ(CV.田中誠人),10,2026/05/11,13日,,,
314,独りんぼエンヴィー,ひとりんぼエンヴィー,koyori(電ポルP) feat.初音ミク,8,2026/05/19,5日,,,
315,ヒバナ,ヒバナ,DECO*27 feat. 初音ミク,4,2026/05/16,8日,,,
316,ヒビカセ,ヒビカセ,ギガP feat. 初音ミク,1,2026/01/10,134日,,,
317,ビビっとラブ,ビビっとラブ,CHiCO with HoneyWorks meets まふまふ,1,2026/03/07,78日,,,
318,ビビデバ,ビビデバ,星街すいせい,9,2026/05/14,10日,,,
319,Beautiful World,ビューティフル ワールド,宇多田ヒカル,1,2025/12/08,167日,,,
320,ヒューマノイド,ヒューマノイド,ずっと真夜中でいいのに。,2,2025/11/29,176日,,,
321,ひゅるりらぱっぱ,ひゅるりらぱっぱ,tuki.,3,2026/04/30,24日,,,
322,秒針を噛む,びょうしんをかむ,ずっと真夜中でいいのに。,5,2026/05/04,20日,,,
323,Believe,ビリーブ,Folder5,1,2026/05/09,15日,,,
324,ヒロイン育成計画,ヒロインいくせいけいかく,feat. 涼海ひより(CV.水瀬いのり)/HoneyWorks,4,2026/04/30,24日,,,
325,First Love,ファースト ラブ,宇多田ヒカル,3,2026/02/05,108日,,,
326,ファタール,ファタール,GEMN,1,2026/03/02,83日,,,
327,ファンサ,ファンサ,mona(CV.夏川椎菜) feat.HoneyWorks,16,2026/05/04,20日,,,
328,フォニイ,フォニイ,ツミキ feat. 可不,11,2026/05/16,8日,,,
329,不協和音,ふきょうわおん,欅坂46,2,2026/04/12,42日,,,
330,ふたりごと,ふたりごと,RADWIMPS,4,2025/12/11,164日,,,
331,フライングゲット,フライングゲット,AKB48,3,2026/02/14,99日,,,
332,Plazma,プラズマ,米津玄師,4,2026/04/04,50日,,,
333,FLAGS,フラッグス,T.M.Revolution,1,2026/05/14,10日,,,
334,プラネタリウム,プラネタリウム,大塚愛,6,2026/05/07,17日,,,
335,Flamingo,フラミンゴ,米津玄師,1,2025/12/15,160日,,,
336,フラレガイガール,フラレガイガール,さユり,6,2026/05/11,13日,,,
337,ブリキノダンス,ブリキノダンス,日向電工 feat. 初音ミク,9,2026/05/04,20日,,,
338,Preserved Roses,プリザーブド ローゼズ,T.M.Revolution×水樹奈々,2,2026/05/11,13日,,,
339,Pretender,プリテンダー,Official髭男dism,3,2026/04/25,29日,,,
340,Bling-Bang-Bang-Born,ブリン バン バン ボン,Creepy Nuts,8,2026/05/11,13日,,,
341,ブルーバード,ブルーバード,いきものがかり,6,2026/05/09,15日,,,
342,ブルーベリー・ナイツ,ブルーベリー・ナイツ,マカロニえんぴつ,3,2026/04/11,43日,,,
343,プロポーズ,プロポーズ,なとり,2,2026/04/11,43日,,,
344,平行線,へいこうせん,さユり,3,2026/02/28,85日,,,
345,Best Friend,ベスト フレンド,西野カナ,2,2025/12/27,148日,,,
346,ベテルギウス,ベテルギウス,優里,7,2026/04/20,34日,,,
347,ベノム,ベノム,かいりきベア feat. v flower,3,2026/03/26,59日,,,
348,ヘビーローテーション,ヘビーローテーション,AKB48,3,2026/04/06,48日,,,
349,亡國覚醒カタルシス,ぼうこくかくせいカタルシス,ALI PROJECT,1,2026/05/14,10日,,,
350,誇り高きアイドル,ほこりたかきアイドル,Honey Works feat. Kotoha,5,2026/05/04,20日,,,
351,星降る海,ほしふるうみ,"Aqu3ra,月見ヤチヨ(CV.早見沙織)",3,2026/04/30,24日,,,
352,HOT LIMIT,ホット リミット,T.M.Revolution,4,2026/05/23,1日,,,
353,botばっか,ボットばっか,ファントムシータ,4,2026/04/06,48日,,,
354,POP IN 2,ポッピンツー,B小町 ,6,2026/04/06,48日,,,
355,ポニーテールとシュシュ,ポニーテールとシュシュ,AKB48,3,2026/05/19,5日,,,
356,微笑みの爆弾,ほほえみのばくだん,馬渡松子,2,2026/04/23,31日,,,
357,炎,ほむら,LiSA,1,2026/01/16,128日,,,
358,WHITE BREATH,ホワイト ブレス,T.M.Revolution,2,2026/04/23,31日,,,
359,White Love,ホワイト ラブ,SPEED,1,2026/02/09,104日,,,
360,PON PON PON,ポン ポン ポン,きゃりーぱみゅぱみゅ,1,2026/04/06,48日,,,
361,本能,ほんのう,椎名林檎,1,2025/12/08,167日,,,
362,マーシャル・マキシマイザー,マーシャル・マキシマイザー,柊マグネタイト feat. 可不,6,2026/05/04,20日,,,
363,負けないで,まけないで,ZARD,2,2026/04/11,43日,,,
364,マシュマロ,マシュマロ,DECO*27 feat. 初音ミク,1,2026/03/02,83日,,,
365,魔弾,まだん,T.M.Revolution,1,2026/05/23,1日,,,
366,真っ赤な空を見ただろうか,まっかなそらをみただろうか,BUMP OF CHICKEN,2,2026/05/23,1日,,,
367,マトリョシカ,マトリョシカ,"ハチ feat.初音ミク,GUMI",2,2026/05/16,8日,,,
368,魔法少女とチョコレゐト,まほうしょうじょとチョコレイト,ピノキオピー feat. 初音ミク,3,2026/05/16,8日,,,
369,丸の内サディスティック,まるのうちサディスティック,椎名林檎,5,2026/04/12,42日,,,
370,回る空うさぎ,まわるそらうさぎ,Orangestar feat. 初音ミク,4,2026/03/30,55日,,,
371,Meteor -ミーティア-,ミーティア,T.M.Revolution,3,2026/05/23,1日,,,
372,ミカヅキ,ミカヅキ,さユり,12,2026/05/23,1日,,,
373,右肩の蝶,みぎかたのちょう,のりぴー feat. 鏡音レン,7,2026/04/12,42日,,,
374,ミックスナッツ,ミックスナッツ,Official髭男dism,6,2026/04/20,34日,,,
375,みむかゥわナイストライ,みむかゥわナイストライ,ぬぬぬぬぬぬぬぬぬぬぬぬぬぬぬぬ feat. 初音ミク,2,2026/04/06,48日,,,
376,ミュージック・アワー,ミュージック・アワー,ポルノグラフィティ,1,2025/12/29,146日,,,
377,ムーンライト伝説,ムーンライトでんせつ,DALI,6,2026/04/23,31日,,,
378,㋰責任集合体,むせきにんしゅうごうたい,マサラダ feat. 重音テト,3,2026/05/16,8日,,,
379,めざせポケモンマスター,めざせポケモンマスター,松本 梨香,5,2026/05/09,15日,,,
380,メフィスト,メフィスト,女王蜂,4,2026/04/20,34日,,,
381,女々しくて,めめしくて,ゴールデンボンバー,2,2026/01/04,140日,,,
382,Mela!,メラ,緑黄色社会,3,2026/04/04,50日,,,
383,メランコリーキッチン,メランコリーキッチン,米津玄師,2,2026/05/14,10日,,,
384,メランコリック,メランコリック,Junky feat.鏡音リン,5,2026/03/30,55日,,,
385,メリクリ,メリクリ,BoA,2,2025/12/15,160日,,,
386,メリュー,メリュー,n-buna feat. 初音ミク,3,2026/05/07,17日,,,
387,メルト,メルト,ryo(supercell) feat. 初音ミク,12,2026/05/07,17日,,,
388,メルト CPK! Remix,メルト シーピーケー リミックス,ryo (supercell) feat.かぐや(CV.夏吉ゆうこ) ,2,2026/02/28,85日,,,
389,メンタルチェンソー,メンタルチェンソー,P丸様。,2,2026/05/16,8日,,,
390,妄想感傷代償連盟,もうそうかんしょうだいしょうれんめい,DECO*27 feat. 初音ミク,4,2026/04/25,29日,,,
391,妄想疾患■ガール,もうそうしっかんやみガール,"もじゃ,れるりり feat. GUMI",1,2026/01/10,134日,,,
392,妄想税,もうそうぜい,DECO*27 feat. 初音ミク,3,2026/03/30,55日,,,
393,目撃！テト31世,もくげき テトさんじゅういっせい,"はろける feat. 雨衣,重音テト",1,2025/12/30,145日,,,
394,モザイクカケラ,モザイクカケラ,SunSet Swish,1,2026/05/09,15日,,,
395,モザイクロール,モザイクロール,DECO*27 feat. GUMI,6,2026/04/11,43日,,,
396,モニタリング,モニタリング,DECO*27 feat. 初音ミク,8,2026/03/28,57日,,,
397,Monster,モンスター,嵐,1,2025/12/11,164日,,,
398,やさしさで溢れるように,やさしさであふれるように,JUJU,1,2026/01/10,134日,,,
399,勇者,ゆうしゃ,YOASOBI,5,2026/05/11,13日,,,
400,有心論,ゆうしんろん,RADWIMPS,7,2026/04/20,34日,,,
401,幽霊東京,ゆうれいとうきょう,Ayase feat. 初音ミク,4,2026/05/16,8日,,,
402,雪だるまつくろう,ゆきだるまつくろう,"神田沙也加,稲葉菜月,諸星すみれ",2,2026/02/09,104日,,,
403,雪の華,ゆきのはな,中島美嘉,1,2025/12/01,174日,,,
404,夜明けと蛍,よあけとほたる,n-buna feat.初音ミク,9,2026/05/07,17日,,,
405,酔いどれ知らず,よいどれしらず,Kanaria feat. GUMI,1,2026/05/23,1日,,,
406,吉原ラメント,よしはらラメント,亜沙 feat.重音テト,4,2026/03/30,55日,,,
407,夜もすがら君想ふ,よもすがらきみおもう,TOKOTOKO(西沢さんP) feat. GUMI,13,2026/05/07,17日,,,
408,夜に駆ける,よるにかける,YOASOBI,5,2026/04/12,42日,,,
409,夜の踊り子,よるのおどりこ,サカナクション,1,2026/05/23,1日,,,
410,弱虫モンブラン,よわむしモンブラン,DECO*27 feat. GUMI,6,2026/04/25,29日,,,
411,ライアーダンサー,ライアーダンサー,マサラダ feat. 重音テト,2,2026/05/16,8日,,,
412,ライオン,ライオン,"May'n,中島 愛",5,2026/05/09,15日,,,
413,来世で会おう,らいせであおう,さユり,3,2026/04/30,24日,,,
414,ライラック,ライラック,Mrs. GREEN APPLE,10,2026/05/19,5日,,,
415,ラヴィ,ラヴィ,"すりぃ feat,鏡音レン",5,2026/04/04,50日,,,
416,ラズベリー＊モンスター,ラズベリー モンスター,HoneyWorks feat. 初音ミク,1,2026/03/26,59日,,,
417,Love so sweet,ラブ ソウ スウィート,嵐,8,2026/05/11,13日,,,
418,ラフ・メイカー,ラフ・メイカー,BUMP OF CHICKEN,2,2026/04/11,43日,,,
419,ラブカ?,ラブカ,柊キライ feat. v flower,6,2026/05/11,13日,,,
420,ラブチーノ,ラブチーノ,Junky feat. 鏡音リン,1,2026/01/10,134日,,,
421,Reason,リーズン,玉置成実,1,2026/05/09,15日,,,
422,リードコントロール,リードコントロール,なるみや ,5,2026/05/14,10日,,,
423,Remember,リメンバー,"yuigot,月見ヤチヨ(CV.早見沙織)",1,2026/02/21,92日,,,
424,ルカルカ★ナイトフィーバー,ルカルカナイトフィーバー,samfree feat. 巡音ルカ,7,2026/04/30,24日,,,
425,ルマ,ルマ,かいりきベア feat. 初音ミク,1,2025/11/22,183日,,,
426,ルル,ルル,Ado,4,2026/05/19,5日,,,
427,ray,レイ,BUMP OF CHICKEN,13,2026/05/23,1日,,,
428,レオ,レオ,優里,3,2026/05/23,1日,,,
429,Let It Go ～ありのままで～,レット イット ゴー ありのままで,松たか子,2,2026/02/09,104日,,,
430,レディメイド,レディメイド,Ado,5,2026/05/11,13日,,,
431,Lemon,レモン,米津玄師,5,2026/05/07,17日,,,
432,恋愛サーキュレーション,れんあいサーキュレーション,千石撫子(CV.花澤香菜) ,7,2026/05/14,10日,,,
433,恋愛裁判,れんあいさいばん,40mP feat.初音ミク,5,2026/05/11,13日,,,
434,ロウワー,ロウワー,ぬゆり feat. v flower,11,2026/05/16,8日,,,
435,ROSE,ローズ,HANA,3,2026/03/21,64日,,,
436,ローリンガール,ローリンガール,wowaka feat. 初音ミク,8,2026/04/20,34日,,,
437,Rolling star,ローリング スター,YUI,2,2026/05/23,1日,,,
438,ロキ,ロキ,みきとP feat. 鏡音リン,7,2026/04/30,24日,,,
439,六兆年と一夜物語,ろくちょうねんといちやものがたり,kemu feat.IA,7,2026/05/11,13日,,,
440,炉心融解,ろしんゆうかい,iroha(sasaki) feat. 鏡音リン,1,2026/03/28,57日,,,
441,ロストマン,ロストマン,BUMP OF CHICKEN,2,2026/05/14,10日,,,
442,ロストワンの号哭,ロストワンのごうこく,Neru feat. 鏡音リン,4,2026/03/30,55日,,,
443,ロマンスの神様,ロマンスのかみさま,広瀬香美,1,2026/02/09,104日,,,
444,ロミオとシンデレラ,ロミオとシンデレラ,doriko feat.初音ミク,8,2026/05/16,8日,,,
445,ワールドイズマイン,ワールドイズマイン,supercell feat.初音ミク,7,2026/04/11,43日,,,
446,ワールドイズマイン CPK! Remix,ワールドイズマイン シーピーケー リミックス,ryo (supercell) feat.かぐや(CV.夏吉ゆうこ) 月見ヤチヨ(CV.早見沙織),2,2026/02/28,85日,,,
447,忘れてやらない,わすれてやらない,結束バンド,5,2026/04/18,36日,,,
448,わたしに花束,わたしにはなたば,Ado,5,2026/04/18,36日,,,
449,わたしのアール,わたしのアール,和田たけあき(くらげP) feat.初音ミク,2,2026/05/16,8日,,,
450,わたしの一番かわいいところ,わたしのいちばんかわいいところ,FRUITS ZIPPER,6,2026/04/06,48日,,,
451,私は最強,わたしはさいきょう,Ado,11,2026/04/11,43日,,,
452,1・2・3,ワン ツー スリー,After the Rain,2,2026/02/28,85日,,,
453,One Love,ワン ラブ,嵐,1,2026/05/23,1日,,,
454,,,,,,,,,
455,,,,,,,,,
456,,,,,,,,,
457,,,,,,,,,
458,,,,,,,,,
459,,,,,,,,,
460,,,,,,,,,
461,,,,,,,,,
462,,,,,,,,,
463,,,,,,,,,
464,,,,,,,,,
465,,,,,,,,,
466,,,,,,,,,
467,,,,,,,,,
468,,,,,,,,,
469,,,,,,,,,
470,,,,,,,,,
471,,,,,,,,,
472,,,,,,,,,
473,,,,,,,,,
474,,,,,,,,,
475,,,,,,,,,
476,,,,,,,,,
477,,,,,,,,,
478,,,,,,,,,
479,,,,,,,,,
480,,,,,,,,,
481,,,,,,,,,
482,,,,,,,,,
483,,,,,,,,,
484,,,,,,,,,
485,,,,,,,,,
486,,,,,,,,,
487,,,,,,,,,
488,,,,,,,,,
489,,,,,,,,,
490,,,,,,,,,
491,,,,,,,,,
492,,,,,,,,,
493,,,,,,,,,
494,,,,,,,,,
495,,,,,,,,,
496,,,,,,,,,
497,,,,,,,,,
498,,,,,,,,,
499,,,,,,,,,
500,,,,,,,,,